year,stateId,REPRB,RERCB,RETCB,hdd
2022,SC,128184.0,3248.0,143051.0,2502
2021,SC,125590.0,2686.0,141820.0,2373
2020,SC,128471.0,2652.0,141796.0,2164
2019,SC,126976.0,3083.0,143524.0,2336
2018,SC,125620.0,2973.0,143746.0,2612
2017,SC,120629.0,2301.0,140953.0,2089
2016,SC,117849.0,2363.0,137132.0,2391
2015,SC,113404.0,2553.0,136029.0,2366
2014,SC,121280.0,5188.0,142830.0,2938
2013,SC,114914.0,5129.0,137204.0,2708
2012,SC,111031.0,4089.0,130282.0,2189
2011,SC,107698.0,4713.0,126072.0,2515
2010,SC,100289.0,4857.0,119331.0,3211
2009,SC,88228.0,4501.0,107059.0,2767
2008,SC,89306.0,4682.0,99635.0,2659
2007,SC,88885.0,4157.0,87814.0,2350
2006,SC,88493.0,3729.0,88781.0,2388
2005,SC,84851.0,4122.0,86112.0,2684
2004,SC,81271.0,5505.0,81282.0,2643
2003,SC,79189.0,5360.0,79195.0,2744
2002,SC,71243.0,5056.0,71249.0,2591
2001,SC,62093.0,4970.0,62097.0,2427
2000,SC,82051.0,7292.0,82051.0,2918
1999,SC,85469.0,6783.0,85469.0,2472
1998,SC,105738.0,6597.0,105738.0,2311
1997,SC,111865.0,7400.0,111865.0,2685
1996,SC,110726.0,9389.0,110726.0,2971
1995,SC,100846.0,9041.0,100846.0,2832
1994,SC,93678.0,9035.0,93678.0,2536
1993,SC,89878.0,9520.0,89878.0,2930
1992,SC,87708.0,6613.0,87708.0,2746
1991,SC,85812.0,6300.0,85812.0,2442
1990,SC,,,,2053
1989,SC,,,,2753
1988,SC,,,,3103
1987,SC,,,,2942
1986,SC,,,,2490
1985,SC,,,,2626
1984,SC,,,,2676
1983,SC,,,,3147
1982,SC,,,,2623
1981,SC,,,,3182
1980,SC,,,,3129
1979,SC,,,,2929
1978,SC,,,,3126
1977,SC,,,,3048
1976,SC,,,,2995
1975,SC,,,,2529
1974,SC,,,,2398
1973,SC,,,,2724
1972,SC,,,,2637
1971,SC,,,,2731
1970,SC,,,,2934
1969,SC,,,,3297
1968,SC,,,,3285
1967,SC,,,,2784
1966,SC,,,,3145
1965,SC,,,,2803
1964,SC,,,,2882
1963,SC,,,,3188
1962,SC,,,,3028
1961,SC,,,,2856
1960,SC,,,,3287
2022,SD,234233.0,2518.0,130007.0,7954
2021,SD,229971.0,1710.0,127298.0,7036
2020,SD,200633.0,1956.0,109785.0,7376
2019,SD,205851.0,2826.0,110508.0,8627
2018,SD,202209.0,3173.0,106424.0,8202
2017,SD,193359.0,2192.0,100650.0,7218
2016,SD,187695.0,2283.0,99457.0,6806
2015,SD,182086.0,2671.0,94662.0,7002
2014,SD,173960.0,2572.0,92365.0,8178
2013,SD,167188.0,2550.0,87595.0,8285
2012,SD,166503.0,2107.0,89886.0,6568
2011,SD,175625.0,2705.0,95870.0,7885
2010,SD,167998.0,2245.0,87016.0,7737
2009,SD,148574.0,2091.0,75313.0,8099
2008,SD,124231.0,1624.0,61804.0,8267
2007,SD,95833.0,1323.0,49723.0,7421
2006,SD,91761.0,1184.0,48442.0,6917
2005,SD,72430.0,1295.0,40210.0,7158
2004,SD,58958.0,1487.0,35452.0,7187
2003,SD,38636.0,1445.0,28218.0,7529
2002,SD,25723.0,1356.0,22801.0,7605
2001,SD,17555.0,1328.0,17327.0,7458
2000,SD,24066.0,1335.0,24637.0,7563
1999,SD,27110.0,1245.0,27606.0,6865
1998,SD,23776.0,1196.0,24153.0,7067
1997,SD,34628.0,1338.0,35035.0,7969
1996,SD,31577.0,1674.0,31749.0,8896
1995,SD,24738.0,1612.0,25427.0,8007
1994,SD,21677.0,1609.0,22483.0,7802
1993,SD,12370.0,1696.0,13327.0,8531
1992,SD,16030.0,2001.0,16878.0,7397
1991,SD,16672.0,1906.0,17179.0,7362
1990,SD,,,,7214
1989,SD,,,,8150
1988,SD,,,,7635
1987,SD,,,,6660
1986,SD,,,,7453
1985,SD,,,,8487
1984,SD,,,,7908
1983,SD,,,,8151
1982,SD,,,,8452
1981,SD,,,,6976
1980,SD,,,,7586
1979,SD,,,,8670
1978,SD,,,,8835
1977,SD,,,,7735
1976,SD,,,,7709
1975,SD,,,,8222
1974,SD,,,,7559
1973,SD,,,,7596
1972,SD,,,,8589
1971,SD,,,,8209
1970,SD,,,,8414
1969,SD,,,,8415
1968,SD,,,,7945
1967,SD,,,,7922
1966,SD,,,,8391
1965,SD,,,,8274
1964,SD,,,,7874
1963,SD,,,,7520
1962,SD,,,,7995
1961,SD,,,,7977
1960,SD,,,,8387
2022,AK,14235.0,6117.0,15100.0,10035
2021,AK,12773.0,4901.0,13638.0,10976
2020,AK,13148.0,5009.0,14013.0,10781
2019,AK,13035.0,5664.0,13900.0,8998
2018,AK,13790.0,6060.0,14639.0,9632
2017,AK,13256.0,5546.0,14092.0,10451
2016,AK,14509.0,6500.0,15615.0,9286
2015,AK,13599.0,5996.0,13619.0,9810
2014,AK,9480.0,2568.0,12452.0,9582
2013,AK,8940.0,2539.0,9242.0,10397
2012,AK,7954.0,1970.0,7989.0,11702
2011,AK,7523.0,2361.0,8147.0,10909
2010,AK,7793.0,2383.0,7977.0,10624
2009,AK,7238.0,2226.0,7464.0,11023
2008,AK,5363.0,1070.0,5577.0,11628
2007,AK,5674.0,954.0,5923.0,10813
2006,AK,5330.0,866.0,5514.0,11267
2005,AK,6220.0,969.0,6284.0,10098
2004,AK,8523.0,2801.0,8983.0,10296
2003,AK,8751.0,2735.0,8984.0,10163
2002,AK,8191.0,2600.0,8538.0,9959
2001,AK,7654.0,2563.0,8126.0,10598
2000,AK,5403.0,1590.0,5574.0,10363
1999,AK,4648.0,1480.0,5040.0,11591
1998,AK,5737.0,1409.0,6084.0,10527
1997,AK,7520.0,1584.0,8109.0,9956
1996,AK,12417.0,1935.0,13145.0,11064
1995,AK,13038.0,1864.0,13675.0,10047
1994,AK,14299.0,1864.0,14301.0,10379
1993,AK,11564.0,1963.0,11564.0,9451
1992,AK,11938.0,1690.0,11938.0,10769
1991,AK,11063.0,1611.0,11063.0,10266
1990,AK,,,,10961
1989,AK,,,,10622
1988,AK,,,,10008
1987,AK,,,,9766
1986,AK,,,,9804
1985,AK,,,,10619
1984,AK,,,,9667
1983,AK,,,,10194
1982,AK,,,,11339
1981,AK,,,,9557
1980,AK,,,,10654
1979,AK,,,,9525
1978,AK,,,,9219
1977,AK,,,,9481
1976,AK,,,,10447
1975,AK,,,,11382
1974,AK,,,,10770
1973,AK,,,,11753
1972,AK,,,,12106
1971,AK,,,,11935
1970,AK,,,,10219
1969,AK,,,,9964
1968,AK,,,,10724
1967,AK,,,,10607
1966,AK,,,,11681
1965,AK,,,,10656
1964,AK,,,,11603
1963,AK,,,,10364
1962,AK,,,,10766
1961,AK,,,,11413
1960,AK,,,,10249
2022,AL,212636.0,1808.0,232522.0,2612
2021,AL,215294.0,1468.0,237594.0,2396
2020,AL,214546.0,1459.0,234324.0,2284
2019,AL,213309.0,2174.0,233794.0,2398
2018,AL,214046.0,2230.0,235725.0,2694
2017,AL,203874.0,1671.0,230454.0,2129
2016,AL,189860.0,1932.0,218668.0,2353
2015,AL,200689.0,2301.0,226149.0,2427
2014,AL,213006.0,7823.0,236151.0,3134
2013,AL,234604.0,7730.0,257785.0,2825
2012,AL,196813.0,5961.0,220573.0,2209
2011,AL,199843.0,7092.0,223966.0,2667
2010,AL,187020.0,7308.0,210917.0,3318
2009,AL,184955.0,6812.0,194818.0,2798
2008,AL,194472.0,5165.0,198327.0,2808
2007,AL,201934.0,4618.0,202722.0,2521
2006,AL,218965.0,4179.0,219744.0,2534
2005,AL,212778.0,4682.0,213161.0,2691
2004,AL,220522.0,5913.0,223105.0,2637
2003,AL,198409.0,5783.0,199713.0,2806
2002,AL,193025.0,5505.0,193944.0,2774
2001,AL,193688.0,5438.0,195007.0,2656
2000,AL,223807.0,6586.0,223807.0,2802
1999,AL,237321.0,6140.0,237358.0,2458
1998,AL,245383.0,5991.0,245667.0,2415
1997,AL,221323.0,6726.0,221668.0,2854
1996,AL,246596.0,12662.0,246945.0,3004
1995,AL,254541.0,12202.0,256556.0,2871
1994,AL,253626.0,12204.0,255095.0,2607
1993,AL,205838.0,12844.0,207205.0,3028
1992,AL,183912.0,16805.0,186497.0,2818
1991,AL,180028.0,16023.0,181640.0,2552
1990,AL,,,,2234
1989,AL,,,,2916
1988,AL,,,,3042
1987,AL,,,,2806
1986,AL,,,,2611
1985,AL,,,,2900
1984,AL,,,,2750
1983,AL,,,,3278
1982,AL,,,,2622
1981,AL,,,,3126
1980,AL,,,,3174
1979,AL,,,,3184
1978,AL,,,,3317
1977,AL,,,,3161
1976,AL,,,,3275
1975,AL,,,,2687
1974,AL,,,,2517
1973,AL,,,,2742
1972,AL,,,,2725
1971,AL,,,,2803
1970,AL,,,,3112
1969,AL,,,,3285
1968,AL,,,,3371
1967,AL,,,,2793
1966,AL,,,,3071
1965,AL,,,,2766
1964,AL,,,,2931
1963,AL,,,,3265
1962,AL,,,,2992
1961,AL,,,,2888
1960,AL,,,,3347
2022,AR,89967.0,6063.0,88219.0,3508
2021,AR,86121.0,5010.0,87788.0,3254
2020,AR,84223.0,5202.0,90845.0,3190
2019,AR,109532.0,7921.0,108242.0,3454
2018,AR,107784.0,7829.0,106516.0,3623
2017,AR,99437.0,5297.0,104395.0,2761
2016,AR,94512.0,6114.0,106939.0,2990
2015,AR,96786.0,7329.0,108228.0,3326
2014,AR,103703.0,11867.0,115500.0,3974
2013,AR,105035.0,11734.0,116070.0,3747
2012,AR,100792.0,9193.0,111934.0,2751
2011,AR,106324.0,10772.0,116471.0,3369
2010,AR,103007.0,11103.0,115397.0,3724
2009,AR,99078.0,10319.0,104270.0,3552
2008,AR,94860.0,6746.0,96285.0,3654
2007,AR,100787.0,6007.0,100818.0,3226
2006,AR,90859.0,5445.0,90543.0,3051
2005,AR,92357.0,6023.0,92433.0,3180
2004,AR,88854.0,2967.0,88909.0,3199
2003,AR,90085.0,3014.0,90113.0,3493
2002,AR,85388.0,2967.0,85422.0,3546
2001,AR,76364.0,3060.0,76386.0,3322
2000,AR,92540.0,3271.0,92540.0,3565
1999,AR,92463.0,3243.0,92463.0,3002
1998,AR,93780.0,3268.0,93780.0,3083
1997,AR,100134.0,3598.0,100134.0,3670
1996,AR,98639.0,6084.0,98641.0,3770
1995,AR,95272.0,5941.0,95304.0,3503
1994,AR,95675.0,5963.0,95703.0,3372
1993,AR,102546.0,6231.0,102703.0,3962
1992,AR,89182.0,4876.0,89408.0,3369
1991,AR,84909.0,4704.0,85229.0,3308
1990,AR,,,,3066
1989,AR,,,,3753
1988,AR,,,,3757
1987,AR,,,,3432
1986,AR,,,,3296
1985,AR,,,,3768
1984,AR,,,,3524
1983,AR,,,,4085
1982,AR,,,,3604
1981,AR,,,,3546
1980,AR,,,,3855
1979,AR,,,,4143
1978,AR,,,,4185
1977,AR,,,,3690
1976,AR,,,,3734
1975,AR,,,,3543
1974,AR,,,,3317
1973,AR,,,,3407
1972,AR,,,,3650
1971,AR,,,,3439
1970,AR,,,,3791
1969,AR,,,,3810
1968,AR,,,,3947
1967,AR,,,,3381
1966,AR,,,,3762
1965,AR,,,,3336
1964,AR,,,,3463
1963,AR,,,,3721
1962,AR,,,,3666
1961,AR,,,,3656
1960,AR,,,,4050
2022,AZ,74234.0,18328.0,102430.0,2061
2021,AZ,72153.0,14771.0,100293.0,1723
2020,AZ,66319.0,13469.0,91997.0,1834
2019,AZ,67849.0,14926.0,94320.0,2087
2018,AZ,71075.0,12825.0,94629.0,1733
2017,AZ,66841.0,10654.0,90156.0,1473
2016,AZ,62336.0,9806.0,85895.0,1624
2015,AZ,59093.0,9609.0,79229.0,1778
2014,AZ,54242.0,8384.0,73811.0,1578
2013,AZ,41822.0,7712.0,62524.0,2063
2012,AZ,43953.0,6436.0,60623.0,1750
2011,AZ,49678.0,6484.0,66796.0,2152
2010,AZ,40851.0,6293.0,56944.0,2005
2009,AZ,39494.0,5829.0,54870.0,1864
2008,AZ,49583.0,11984.0,64824.0,1970
2007,AZ,40436.0,10800.0,54867.0,1929
2006,AZ,36455.0,9915.0,51429.0,1909
2005,AZ,36004.0,10780.0,49956.0,1860
2004,AZ,35286.0,8856.0,36383.0,2009
2003,AZ,35573.0,8833.0,36695.0,1857
2002,AZ,36653.0,8644.0,37820.0,1968
2001,AZ,37740.0,8768.0,39763.0,2084
2000,AZ,44053.0,12871.0,45505.0,1945
1999,AZ,48375.0,12420.0,49643.0,1823
1998,AZ,52211.0,12329.0,53679.0,2255
1997,AZ,59656.0,13488.0,61559.0,2005
1996,AZ,48324.0,12393.0,50240.0,1716
1995,AZ,46738.0,12060.0,49010.0,1811
1994,AZ,42659.0,12052.0,43382.0,2118
1993,AZ,40473.0,12451.0,40750.0,2061
1992,AZ,41644.0,12771.0,41644.0,2176
1991,AZ,41462.0,12283.0,41462.0,2142
1990,AZ,42902.0,,,2163
1989,AZ,,,,1851
1988,AZ,,,,2025
1987,AZ,,,,2259
1986,AZ,,,,1787
1985,AZ,,,,2217
1984,AZ,,,,2192
1983,AZ,,,,2231
1982,AZ,,,,2248
1981,AZ,,,,1782
1980,AZ,,,,1892
1979,AZ,,,,2372
1978,AZ,,,,2161
1977,AZ,,,,2018
1976,AZ,,,,2166
1975,AZ,,,,2498
1974,AZ,,,,2282
1973,AZ,,,,2495
1972,AZ,,,,2189
1971,AZ,,,,2444
1970,AZ,,,,2299
1969,AZ,,,,2168
1968,AZ,,,,2223
1967,AZ,,,,2244
1966,AZ,,,,2298
1965,AZ,,,,2221
1964,AZ,,,,2688
1963,AZ,,,,2157
1962,AZ,,,,2127
1961,AZ,,,,2215
1960,AZ,,,,2390
2022,CA,543231.0,93435.0,881980.0,2672
2021,CA,528926.0,79125.0,809480.0,2689
2020,CA,510610.0,72157.0,736995.0,2570
2019,CA,560175.0,77692.0,789197.0,2950
2018,CA,507201.0,67666.0,691153.0,2546
2017,CA,537840.0,60966.0,725380.0,2449
2016,CA,462264.0,56441.0,645587.0,2445
2015,CA,391307.0,52144.0,564459.0,2347
2014,CA,407848.0,69155.0,560848.0,2095
2013,CA,399975.0,65030.0,554027.0,2712
2012,CA,377749.0,52834.0,495642.0,2748
2011,CA,422243.0,57752.0,541230.0,3187
2010,CA,370497.0,57789.0,492956.0,3092
2009,CA,340985.0,54136.0,419880.0,2887
2008,CA,321700.0,45016.0,397932.0,2868
2007,CA,328196.0,41341.0,403525.0,2882
2006,CA,388725.0,38204.0,464146.0,3021
2005,CA,361238.0,40437.0,439339.0,2820
2004,CA,352132.0,54022.0,423563.0,2848
2003,CA,357449.0,53320.0,406651.0,2840
2002,CA,347040.0,51918.0,355371.0,2952
2001,CA,318256.0,52116.0,325466.0,2970
2000,CA,364952.0,54412.0,370066.0,2836
1999,CA,367625.0,52678.0,372132.0,3058
1998,CA,387102.0,52502.0,392331.0,3416
1997,CA,369373.0,57150.0,376474.0,2667
1996,CA,396901.0,78781.0,404112.0,2655
1995,CA,410708.0,76661.0,419049.0,2735
1994,CA,353389.0,76603.0,355772.0,3163
1993,CA,414397.0,79413.0,416004.0,2920
1992,CA,377325.0,99842.0,377508.0,2721
1991,CA,371447.0,95513.0,376041.0,3029
1990,CA,379479.0,,,3075
1989,CA,,,,2936
1988,CA,,,,2896
1987,CA,,,,3025
1986,CA,,,,2724
1985,CA,,,,3277
1984,CA,,,,3057
1983,CA,,,,3056
1982,CA,,,,3431
1981,CA,,,,2816
1980,CA,,,,2939
1979,CA,,,,3204
1978,CA,,,,3142
1977,CA,,,,3056
1976,CA,,,,3037
1975,CA,,,,3613
1974,CA,,,,3300
1973,CA,,,,3400
1972,CA,,,,3284
1971,CA,,,,3694
1970,CA,,,,3175
1969,CA,,,,3284
1968,CA,,,,3145
1967,CA,,,,3377
1966,CA,,,,3137
1965,CA,,,,3378
1964,CA,,,,3515
1963,CA,,,,3286
1962,CA,,,,3321
1961,CA,,,,3196
1960,CA,,,,3240
2022,CO,113441.0,15697.0,121106.0,7212
2021,CO,99821.0,11396.0,107850.0,6723
2020,CO,91301.0,10489.0,99477.0,6814
2019,CO,87367.0,15279.0,98381.0,7498
2018,CO,81739.0,13138.0,90772.0,6872
2017,CO,79727.0,12326.0,88446.0,6479
2016,CO,77879.0,12187.0,87203.0,6672
2015,CO,69069.0,12981.0,76213.0,6668
2014,CO,67511.0,11841.0,71763.0,7155
2013,CO,64606.0,11527.0,68186.0,7480
2012,CO,57694.0,8930.0,60524.0,6397
2011,CO,58618.0,10408.0,60203.0,7397
2010,CO,50632.0,10661.0,49451.0,7057
2009,CO,47462.0,9893.0,45676.0,7353
2008,CO,45794.0,7988.0,43086.0,7453
2007,CO,34532.0,7098.0,31003.0,7156
2006,CO,28149.0,6413.0,24920.0,6923
2005,CO,18530.0,7155.0,21105.0,6832
2004,CO,13114.0,5472.0,19744.0,6961
2003,CO,12412.0,5353.0,19324.0,6843
2002,CO,11960.0,5095.0,17922.0,7230
2001,CO,13038.0,5029.0,19783.0,6876
2000,CO,17196.0,8538.0,22119.0,6877
1999,CO,17386.0,7962.0,21743.0,6766
1998,CO,16338.0,7738.0,21478.0,6966
1997,CO,19482.0,8667.0,24693.0,7452
1996,CO,17857.0,7765.0,23186.0,7191
1995,CO,18805.0,7478.0,21823.0,7217
1994,CO,16681.0,7467.0,18625.0,6851
1993,CO,18430.0,7841.0,20448.0,7780
1992,CO,17387.0,8304.0,18597.0,7137
1991,CO,19286.0,7910.0,20012.0,7229
1990,CO,16476.0,,,7203
1989,CO,,,,7289
1988,CO,,,,7364
1987,CO,,,,7241
1986,CO,,,,6881
1985,CO,,,,7789
1984,CO,,,,7808
1983,CO,,,,7760
1982,CO,,,,7660
1981,CO,,,,6679
1980,CO,,,,7305
1979,CO,,,,7858
1978,CO,,,,7658
1977,CO,,,,6993
1976,CO,,,,7398
1975,CO,,,,7752
1974,CO,,,,7459
1973,CO,,,,7852
1972,CO,,,,7563
1971,CO,,,,7696
1970,CO,,,,7651
1969,CO,,,,7542
1968,CO,,,,7716
1967,CO,,,,7416
1966,CO,,,,7509
1965,CO,,,,7580
1964,CO,,,,7824
1963,CO,,,,7052
1962,CO,,,,7369
1961,CO,,,,7808
1960,CO,,,,7664
2022,CT,28147.0,7825.0,38999.0,5627
2021,CT,31660.0,7507.0,41615.0,5410
2020,CT,29356.0,6507.0,38755.0,5344
2019,CT,30697.0,8889.0,42395.0,5937
2018,CT,30892.0,8230.0,42899.0,5739
2017,CT,28295.0,7325.0,42169.0,5440
2016,CT,30864.0,6868.0,44486.0,5364
2015,CT,30165.0,8855.0,43698.0,5938
2014,CT,29188.0,7894.0,41985.0,6205
2013,CT,27138.0,7705.0,40035.0,5930
2012,CT,24732.0,6085.0,36818.0,5028
2011,CT,26961.0,7054.0,39579.0,5605
2010,CT,27675.0,7210.0,40862.0,5524
2009,CT,26126.0,6748.0,38278.0,6103
2008,CT,22675.0,3522.0,32779.0,5908
2007,CT,21650.0,3172.0,33792.0,5945
2006,CT,22154.0,2850.0,32143.0,5416
2005,CT,22571.0,3032.0,26015.0,6178
2004,CT,27130.0,7111.0,39906.0,6148
2003,CT,27437.0,6897.0,29180.0,6458
2002,CT,26046.0,6534.0,26344.0,5697
2001,CT,27828.0,6381.0,27934.0,5672
2000,CT,47003.0,7920.0,47338.0,6108
1999,CT,46413.0,7377.0,46716.0,5614
1998,CT,46144.0,7157.0,46427.0,5236
1997,CT,47670.0,7994.0,47965.0,6140
1996,CT,51717.0,11047.0,51996.0,6270
1995,CT,43633.0,10610.0,43715.0,6145
1994,CT,37120.0,10592.0,37501.0,6241
1993,CT,36250.0,11096.0,36817.0,6270
1992,CT,35989.0,10694.0,36453.0,6378
1991,CT,31852.0,10193.0,31964.0,5477
1990,CT,,,,5370
1989,CT,,,,6445
1988,CT,,,,6429
1987,CT,,,,6119
1986,CT,,,,6124
1985,CT,,,,6115
1984,CT,,,,6118
1983,CT,,,,6026
1982,CT,,,,6332
1981,CT,,,,6334
1980,CT,,,,6496
1979,CT,,,,6091
1978,CT,,,,6790
1977,CT,,,,6327
1976,CT,,,,6548
1975,CT,,,,6029
1974,CT,,,,6276
1973,CT,,,,5803
1972,CT,,,,6608
1971,CT,,,,6346
1970,CT,,,,6558
1969,CT,,,,6432
1968,CT,,,,6499
1967,CT,,,,6709
1966,CT,,,,6460
1965,CT,,,,6505
1964,CT,,,,6302
1963,CT,,,,6592
1962,CT,,,,6718
1961,CT,,,,6398
1960,CT,,,,6374
2022,TN,100268.0,6168.0,113146.0,3820
2021,TN,124427.0,4851.0,135983.0,3503
2020,TN,126214.0,4956.0,136258.0,3432
2019,TN,122868.0,7837.0,133462.0,3483
2018,TN,125857.0,7491.0,138906.0,3844
2017,TN,114716.0,5741.0,131101.0,3167
2016,TN,113585.0,7129.0,130252.0,3437
2015,TN,124355.0,7911.0,139263.0,3569
2014,TN,123812.0,9039.0,139694.0,4284
2013,TN,133045.0,8934.0,149383.0,4040
2012,TN,115354.0,6902.0,130018.0,3190
2011,TN,118234.0,8197.0,130586.0,3673
2010,TN,114582.0,8450.0,125043.0,4294
2009,TN,114074.0,7871.0,127275.0,3907
2008,TN,98738.0,12774.0,113354.0,3972
2007,TN,84137.0,11409.0,94661.0,3497
2006,TN,92730.0,10313.0,100949.0,3566
2005,TN,105727.0,11601.0,112751.0,3717
2004,TN,116421.0,7363.0,111144.0,3600
2003,TN,109392.0,7186.0,103629.0,3906
2002,TN,99282.0,6821.0,94474.0,3782
2001,TN,94271.0,6723.0,90787.0,3696
2000,TN,80237.0,8089.0,77076.0,3931
1999,TN,81264.0,7524.0,78673.0,3494
1998,TN,88253.0,7331.0,85535.0,3347
1997,TN,89021.0,8236.0,86761.0,4048
1996,TN,97411.0,15404.0,96168.0,4233
1995,TN,98704.0,14835.0,96931.0,4053
1994,TN,103171.0,14833.0,103022.0,3808
1993,TN,91459.0,15625.0,90319.0,4172
1992,TN,100715.0,20278.0,99575.0,3899
1991,TN,103987.0,19329.0,102183.0,3564
1990,TN,,,,3308
1989,TN,,,,4152
1988,TN,,,,4304
1987,TN,,,,3881
1986,TN,,,,3711
1985,TN,,,,4048
1984,TN,,,,3900
1983,TN,,,,4342
1982,TN,,,,3864
1981,TN,,,,4265
1980,TN,,,,4342
1979,TN,,,,4386
1978,TN,,,,4554
1977,TN,,,,4298
1976,TN,,,,4387
1975,TN,,,,3821
1974,TN,,,,3669
1973,TN,,,,3775
1972,TN,,,,3965
1971,TN,,,,3916
1970,TN,,,,4184
1969,TN,,,,4481
1968,TN,,,,4448
1967,TN,,,,3898
1966,TN,,,,4306
1965,TN,,,,3900
1964,TN,,,,3975
1963,TN,,,,4427
1962,TN,,,,4191
1961,TN,,,,4048
1960,TN,,,,4583
2022,TX,654921.0,13147.0,742759.0,1949
2021,TX,557242.0,10426.0,652838.0,1643
2020,TX,503024.0,8111.0,593952.0,1549
2019,TX,466665.0,7450.0,574791.0,1879
2018,TX,441871.0,6594.0,550781.0,1984
2017,TX,399805.0,4970.0,505042.0,1337
2016,TX,360015.0,5095.0,471877.0,1501
2015,TX,308833.0,5427.0,398889.0,1858
2014,TX,296615.0,16496.0,385070.0,2088
2013,TX,276079.0,16221.0,359700.0,2014
2012,TX,260258.0,12886.0,332011.0,1411
2011,TX,248954.0,14797.0,328303.0,1827
2010,TX,215167.0,15188.0,283429.0,2149
2009,TX,171070.0,14094.0,219216.0,1846
2008,TX,195709.0,21661.0,239809.0,1795
2007,TX,128425.0,19337.0,181517.0,1855
2006,TX,106518.0,17466.0,145778.0,1520
2005,TX,101596.0,19443.0,103498.0,1707
2004,TX,91491.0,13958.0,94176.0,1774
2003,TX,92177.0,13617.0,94315.0,1895
2002,TX,95466.0,12875.0,98087.0,2004
2001,TX,80002.0,12672.0,85632.0,1905
2000,TX,87097.0,11551.0,92516.0,1807
1999,TX,84175.0,10812.0,88905.0,1506
1998,TX,99855.0,10485.0,105346.0,1728
1997,TX,109930.0,11624.0,113638.0,2148
1996,TX,103308.0,15039.0,104877.0,1915
1995,TX,106132.0,14478.0,110346.0,1806
1994,TX,103526.0,14448.0,104814.0,1793
1993,TX,104903.0,15175.0,105422.0,2137
1992,TX,115564.0,25001.0,117816.0,1875
1991,TX,104700.0,23837.0,106685.0,1934
1990,TX,,,,1701
1989,TX,,,,2158
1988,TX,,,,2040
1987,TX,,,,2061
1986,TX,,,,1818
1985,TX,,,,2215
1984,TX,,,,1919
1983,TX,,,,2394
1982,TX,,,,1998
1981,TX,,,,1914
1980,TX,,,,2129
1979,TX,,,,2445
1978,TX,,,,2524
1977,TX,,,,2102
1976,TX,,,,2252
1975,TX,,,,1968
1974,TX,,,,1915
1973,TX,,,,2100
1972,TX,,,,2074
1971,TX,,,,1737
1970,TX,,,,2194
1969,TX,,,,2103
1968,TX,,,,2338
1967,TX,,,,1921
1966,TX,,,,2271
1965,TX,,,,1931
1964,TX,,,,2138
1963,TX,,,,2289
1962,TX,,,,2124
1961,TX,,,,2181
1960,TX,,,,2399
2022,UT,26924.0,4958.0,36708.0,7019
2021,UT,24687.0,4069.0,35440.0,6551
2020,UT,22694.0,4189.0,33858.0,6693
2019,UT,22651.0,5624.0,34544.0,7436
2018,UT,23088.0,5359.0,34045.0,6725
2017,UT,23482.0,4057.0,34406.0,6641
2016,UT,17504.0,3699.0,28557.0,6549
2015,UT,12608.0,3376.0,22403.0,6286
2014,UT,10930.0,1405.0,18376.0,6510
2013,UT,8676.0,1365.0,16506.0,7486
2012,UT,10017.0,1073.0,17032.0,6383
2011,UT,10899.0,1344.0,17797.0,7507
2010,UT,8649.0,1218.0,13743.0,7171
2009,UT,7859.0,1132.0,12273.0,7262
2008,UT,7855.0,2181.0,11695.0,7454
2007,UT,6481.0,1954.0,9680.0,6813
2006,UT,7101.0,1768.0,8964.0,7002
2005,UT,7221.0,1985.0,9387.0,6908
2004,UT,6322.0,2238.0,6457.0,7078
2003,UT,6090.0,2188.0,6359.0,6602
2002,UT,6313.0,2081.0,6663.0,7318
2001,UT,6239.0,2053.0,7552.0,6783
2000,UT,9308.0,3545.0,10305.0,6748
1999,UT,10748.0,3299.0,11624.0,6841
1998,UT,9496.0,3250.0,10526.0,7203
1997,UT,10114.0,3646.0,10114.0,7231
1996,UT,8563.0,3216.0,8638.0,6975
1995,UT,7891.0,3098.0,7891.0,6861
1994,UT,7282.0,3099.0,7282.0,6861
1993,UT,7621.0,3247.0,7689.0,7713
1992,UT,6912.0,3355.0,6935.0,6823
1991,UT,6841.0,3202.0,6843.0,7497
1990,UT,,,,7139
1989,UT,,,,7241
1988,UT,,,,7197
1987,UT,,,,7007
1986,UT,,,,6923
1985,UT,,,,7962
1984,UT,,,,8226
1983,UT,,,,7333
1982,UT,,,,7949
1981,UT,,,,6645
1980,UT,,,,7105
1979,UT,,,,7652
1978,UT,,,,7312
1977,UT,,,,7067
1976,UT,,,,7517
1975,UT,,,,8040
1974,UT,,,,7358
1973,UT,,,,7854
1972,UT,,,,7348
1971,UT,,,,7849
1970,UT,,,,7541
1969,UT,,,,7364
1968,UT,,,,7747
1967,UT,,,,7462
1966,UT,,,,7367
1965,UT,,,,7455
1964,UT,,,,8114
1963,UT,,,,7144
1962,UT,,,,7289
1961,UT,,,,7365
1960,UT,,,,7320
2022,VA,141225.0,12452.0,165465.0,4233
2021,VA,133739.0,10409.0,160119.0,3927
2020,VA,125510.0,10299.0,148773.0,3763
2019,VA,128387.0,13912.0,155662.0,3992
2018,VA,145073.0,15365.0,169002.0,4322
2017,VA,132320.0,12434.0,158360.0,3789
2016,VA,130902.0,14200.0,158492.0,4065
2015,VA,130604.0,15650.0,162074.0,4164
2014,VA,129928.0,19923.0,161454.0,4709
2013,VA,110612.0,19679.0,144738.0,4434
2012,VA,95913.0,15377.0,127920.0,3761
2011,VA,97264.0,18067.0,128379.0,4038
2010,VA,101276.0,18595.0,134229.0,4539
2009,VA,105849.0,17316.0,135491.0,4436
2008,VA,111389.0,17690.0,134348.0,4269
2007,VA,109715.0,15771.0,127713.0,4094
2006,VA,110890.0,14204.0,124550.0,3943
2005,VA,117407.0,15809.0,122685.0,4413
2004,VA,100504.0,9155.0,107508.0,4270
2003,VA,92267.0,8902.0,98976.0,4539
2002,VA,71200.0,8406.0,76266.0,4138
2001,VA,85812.0,8238.0,88641.0,4130
2000,VA,109231.0,12444.0,112213.0,4492
1999,VA,115568.0,11578.0,118184.0,4143
1998,VA,114361.0,11266.0,117403.0,3787
1997,VA,116648.0,12637.0,119055.0,4528
1996,VA,126463.0,16452.0,129674.0,4795
1995,VA,119615.0,15843.0,119343.0,4606
1994,VA,114721.0,15833.0,115358.0,4415
1993,VA,110214.0,16673.0,110056.0,4659
1992,VA,102688.0,11647.0,103325.0,4553
1991,VA,99113.0,11103.0,100026.0,3991
1990,VA,,,,3640
1989,VA,,,,4767
1988,VA,,,,4908
1987,VA,,,,4647
1986,VA,,,,4409
1985,VA,,,,4278
1984,VA,,,,4465
1983,VA,,,,4728
1982,VA,,,,4540
1981,VA,,,,4925
1980,VA,,,,4876
1979,VA,,,,4735
1978,VA,,,,5027
1977,VA,,,,4711
1976,VA,,,,4742
1975,VA,,,,4381
1974,VA,,,,4222
1973,VA,,,,4351
1972,VA,,,,4613
1971,VA,,,,4517
1970,VA,,,,4737
1969,VA,,,,5016
1968,VA,,,,4875
1967,VA,,,,4822
1966,VA,,,,5027
1965,VA,,,,4681
1964,VA,,,,4578
1963,VA,,,,4950
1962,VA,,,,4938
1961,VA,,,,4759
1960,VA,,,,5003
2022,VT,28150.0,13179.0,30645.0,7715
2021,VT,25541.0,10149.0,28064.0,7426
2020,VT,24997.0,10089.0,27366.0,7481
2019,VT,30198.0,15241.0,32986.0,8471
2018,VT,31124.0,16182.0,33841.0,8104
2017,VT,27592.0,12854.0,30755.0,7724
2016,VT,27085.0,12738.0,30155.0,7520
2015,VT,29752.0,15168.0,32506.0,8190
2014,VT,23421.0,10010.0,26147.0,8403
2013,VT,23746.0,9863.0,26577.0,8030
2012,VT,18502.0,7578.0,21033.0,7064
2011,VT,21305.0,9013.0,23772.0,7656
2010,VT,23770.0,9279.0,26167.0,7463
2009,VT,22055.0,8652.0,24676.0,8284
2008,VT,17337.0,4389.0,19132.0,8036
2007,VT,14394.0,3906.0,14767.0,8295
2006,VT,17639.0,3530.0,17898.0,7355
2005,VT,16270.0,3965.0,16444.0,8079
2004,VT,14122.0,1463.0,14124.0,8441
2003,VT,16232.0,1425.0,16233.0,8631
2002,VT,15104.0,1351.0,15106.0,7867
2001,VT,11136.0,1330.0,11137.0,7783
2000,VT,13014.0,1636.0,13014.0,8400
1999,VT,12559.0,1521.0,12559.0,7698
1998,VT,12187.0,1474.0,12187.0,7281
1997,VT,12689.0,1655.0,12689.0,8692
1996,VT,13335.0,2271.0,13335.0,8410
1995,VT,12455.0,2184.0,12455.0,8340
1994,VT,11897.0,2181.0,11897.0,8689
1993,VT,11470.0,2291.0,11470.0,8704
1992,VT,9628.0,2188.0,9628.0,8802
1991,VT,9915.0,2085.0,9915.0,7856
1990,VT,,,,7660
1989,VT,,,,8845
1988,VT,,,,8552
1987,VT,,,,8319
1986,VT,,,,8380
1985,VT,,,,8542
1984,VT,,,,8255
1983,VT,,,,8212
1982,VT,,,,8572
1981,VT,,,,8337
1980,VT,,,,8907
1979,VT,,,,8226
1978,VT,,,,9093
1977,VT,,,,8406
1976,VT,,,,8951
1975,VT,,,,8269
1974,VT,,,,8671
1973,VT,,,,7957
1972,VT,,,,9060
1971,VT,,,,8714
1970,VT,,,,8789
1969,VT,,,,8569
1968,VT,,,,8806
1967,VT,,,,8878
1966,VT,,,,8633
1965,VT,,,,8835
1964,VT,,,,8496
1963,VT,,,,8923
1962,VT,,,,8970
1961,VT,,,,8515
1960,VT,,,,8487
2022,WA,419010.0,24718.0,426074.0,5788
2021,WA,396579.0,20492.0,405037.0,5562
2020,WA,411233.0,21002.0,418531.0,5416
2019,WA,385361.0,32791.0,397305.0,5750
2018,WA,432887.0,28794.0,449574.0,5382
2017,WA,432589.0,26849.0,450523.0,5794
2016,WA,427449.0,25906.0,445992.0,5126
2015,WA,396565.0,23647.0,416372.0,4889
2014,WA,411829.0,20716.0,428271.0,5256
2013,WA,405957.0,20433.0,420843.0,5751
2012,WA,433359.0,15760.0,450509.0,5790
2011,WA,445171.0,19236.0,461703.0,6204
2010,WA,358833.0,19039.0,376536.0,5577
2009,WA,347175.0,17748.0,368148.0,5960
2008,WA,358529.0,12620.0,374417.0,6134
2007,WA,358884.0,11279.0,368526.0,5837
2006,WA,387878.0,10220.0,396795.0,5554
2005,WA,329691.0,11503.0,337323.0,5494
2004,WA,340085.0,26246.0,342000.0,5238
2003,WA,343440.0,25643.0,348997.0,5360
2002,WA,356598.0,24401.0,362363.0,5756
2001,WA,280246.0,24075.0,282161.0,5820
2000,WA,363955.0,15031.0,366576.0,5893
1999,WA,420929.0,14017.0,423236.0,5760
1998,WA,360447.0,13679.0,363145.0,5303
1997,WA,450520.0,15361.0,452482.0,5519
1996,WA,426607.0,18111.0,427620.0,6061
1995,WA,372764.0,17459.0,374986.0,5353
1994,WA,321261.0,17460.0,328652.0,5507
1993,WA,327371.0,18377.0,333704.0,5953
1992,WA,329656.0,15015.0,333174.0,5175
1991,WA,379939.0,14319.0,380353.0,5699
1990,WA,,,,5750
1989,WA,,,,5797
1988,WA,,,,5636
1987,WA,,,,5293
1986,WA,,,,5565
1985,WA,,,,6660
1984,WA,,,,6115
1983,WA,,,,5701
1982,WA,,,,6127
1981,WA,,,,5583
1980,WA,,,,5873
1979,WA,,,,5850
1978,WA,,,,5938
1977,WA,,,,6037
1976,WA,,,,6037
1975,WA,,,,6286
1974,WA,,,,5851
1973,WA,,,,5956
1972,WA,,,,6328
1971,WA,,,,6338
1970,WA,,,,6093
1969,WA,,,,6101
1968,WA,,,,5911
1967,WA,,,,5608
1966,WA,,,,5764
1965,WA,,,,5823
1964,WA,,,,6416
1963,WA,,,,5808
1962,WA,,,,5951
1961,WA,,,,5777
1960,WA,,,,6134
2022,DC,1701.0,391.0,2596.0,3736
2021,DC,1523.0,319.0,2463.0,3435
2020,DC,1443.0,239.0,2320.0,3317
2019,DC,1435.0,173.0,2483.0,3571
2018,DC,1197.0,121.0,2256.0,3842
2017,DC,1015.0,109.0,1955.0,3286
2016,DC,922.0,85.0,2008.0,3594
2015,DC,632.0,56.0,1640.0,3656
2014,DC,158.0,79.0,1127.0,3993
2013,DC,145.0,72.0,1015.0,3870
2012,DC,126.0,61.0,935.0,3163
2011,DC,155.0,99.0,1174.0,3705
2010,DC,62.0,39.0,1070.0,3923
2009,DC,35.0,26.0,607.0,4124
2008,DC,52.0,41.0,552.0,3770
2007,DC,46.0,36.0,733.0,3904
2006,DC,42.0,33.0,611.0,3539
2005,DC,44.0,37.0,260.0,4154
2004,DC,941.0,805.0,941.0,4045
2003,DC,924.0,785.0,924.0,4337
2002,DC,879.0,746.0,879.0,3859
2001,DC,865.0,735.0,865.0,3710
2000,DC,1353.0,1159.0,1353.0,4110
1999,DC,1258.0,1076.0,1258.0,3781
1998,DC,1221.0,1049.0,1221.0,3410
1997,DC,1377.0,1180.0,1377.0,4002
1996,DC,1922.0,1690.0,1922.0,4404
1995,DC,1850.0,1627.0,1850.0,4228
1994,DC,1848.0,1627.0,1848.0,4018
1993,DC,1945.0,1714.0,1945.0,4287
1992,DC,1411.0,1272.0,1411.0,4185
1991,DC,1344.0,1212.0,1347.0,3615
1990,DC,,,,3290
1989,DC,,,,4437
1988,DC,,,,4459
1987,DC,,,,4164
1986,DC,,,,4199
1985,DC,,,,3957
1984,DC,,,,4052
1983,DC,,,,4086
1982,DC,,,,4082
1981,DC,,,,3828
1980,DC,,,,3941
1979,DC,,,,3914
1978,DC,,,,4178
1977,DC,,,,4040
1976,DC,,,,4144
1975,DC,,,,3644
1974,DC,,,,3648
1973,DC,,,,3706
1972,DC,,,,4182
1971,DC,,,,4050
1970,DC,,,,4356
1969,DC,,,,4354
1968,DC,,,,4227
1967,DC,,,,4339
1966,DC,,,,4470
1965,DC,,,,4415
1964,DC,,,,4198
1963,DC,,,,4564
1962,DC,,,,4656
1961,DC,,,,4477
1960,DC,,,,4609
2022,DE,2829.0,1371.0,7202.0,4481
2021,DE,2488.0,1165.0,6943.0,4164
2020,DE,2449.0,1176.0,6601.0,3999
2019,DE,2600.0,1416.0,7535.0,4347
2018,DE,2449.0,1327.0,7096.0,4472
2017,DE,2411.0,1283.0,7055.0,4034
2016,DE,2383.0,1281.0,6875.0,4236
2015,DE,2729.0,1427.0,6957.0,4480
2014,DE,3456.0,2012.0,7295.0,4911
2013,DE,3151.0,1980.0,6967.0,4578
2012,DE,3184.0,1625.0,6743.0,3850
2011,DE,3909.0,1807.0,7600.0,4252
2010,DE,3762.0,1855.0,7679.0,4584
2009,DE,3543.0,1704.0,6605.0,4608
2008,DE,2933.0,966.0,5770.0,4407
2007,DE,1511.0,842.0,4954.0,4477
2006,DE,858.0,730.0,3607.0,4006
2005,DE,949.0,769.0,1880.0,4746
2004,DE,1431.0,1179.0,1432.0,4589
2003,DE,1398.0,1145.0,1399.0,4940
2002,DE,1311.0,1065.0,1312.0,4246
2001,DE,1322.0,1044.0,1323.0,4349
2000,DE,2288.0,1506.0,2288.0,4735
1999,DE,1999.0,1409.0,1999.0,4373
1998,DE,1935.0,1368.0,1935.0,3958
1997,DE,2202.0,1525.0,2202.0,4708
1996,DE,2641.0,1977.0,2641.0,5006
1995,DE,2475.0,1904.0,2475.0,4808
1994,DE,2421.0,1901.0,2421.0,4801
1993,DE,2492.0,2003.0,2492.0,4894
1992,DE,1783.0,1416.0,1783.0,4876
1991,DE,1733.0,1349.0,1733.0,4227
1990,DE,,,,3944
1989,DE,,,,5091
1988,DE,,,,5171
1987,DE,,,,4901
1986,DE,,,,4750
1985,DE,,,,4559
1984,DE,,,,4849
1983,DE,,,,4832
1982,DE,,,,4918
1981,DE,,,,5146
1980,DE,,,,5176
1979,DE,,,,4990
1978,DE,,,,5422
1977,DE,,,,4942
1976,DE,,,,5077
1975,DE,,,,4614
1974,DE,,,,4693
1973,DE,,,,4575
1972,DE,,,,5060
1971,DE,,,,4850
1970,DE,,,,5149
1969,DE,,,,5232
1968,DE,,,,5115
1967,DE,,,,5349
1966,DE,,,,5273
1965,DE,,,,5152
1964,DE,,,,4916
1963,DE,,,,5267
1962,DE,,,,5294
1961,DE,,,,5170
1960,DE,,,,5209
2022,FL,234438.0,43402.0,300693.0,526
2021,FL,227837.0,41024.0,293545.0,505
2020,FL,215940.0,38953.0,273968.0,493
2019,FL,221681.0,37582.0,289028.0,497
2018,FL,229488.0,36787.0,297323.0,593
2017,FL,228619.0,36245.0,298574.0,451
2016,FL,219892.0,35529.0,286497.0,561
2015,FL,220076.0,35108.0,290074.0,484
2014,FL,227832.0,51232.0,294522.0,722
2013,FL,230795.0,50290.0,298471.0,546
2012,FL,220549.0,45754.0,284898.0,547
2011,FL,225550.0,46990.0,286493.0,615
2010,FL,228463.0,46975.0,287958.0,1279
2009,FL,212166.0,44459.0,271457.0,706
2008,FL,193877.0,31468.0,241209.0,635
2007,FL,190783.0,29890.0,198908.0,559
2006,FL,185522.0,28727.0,190759.0,607
2005,FL,182550.0,28386.0,185920.0,706
2004,FL,178001.0,32024.0,177742.0,711
2003,FL,186891.0,32420.0,186724.0,774
2002,FL,173217.0,32509.0,173135.0,687
2001,FL,157016.0,33385.0,157115.0,636
2000,FL,194363.0,35824.0,194517.0,722
1999,FL,203158.0,36436.0,203241.0,631
1998,FL,204138.0,36917.0,204260.0,561
1997,FL,229667.0,37927.0,229786.0,580
1996,FL,238849.0,41832.0,238919.0,800
1995,FL,218618.0,41044.0,218817.0,779
1994,FL,213667.0,40418.0,214035.0,537
1993,FL,215574.0,40191.0,216027.0,746
1992,FL,229146.0,56707.0,229941.0,675
1991,FL,211107.0,54136.0,211898.0,549
1990,FL,,,,432
1989,FL,,,,677
1988,FL,,,,799
1987,FL,,,,742
1986,FL,,,,608
1985,FL,,,,790
1984,FL,,,,722
1983,FL,,,,885
1982,FL,,,,510
1981,FL,,,,1046
1980,FL,,,,874
1979,FL,,,,833
1978,FL,,,,922
1977,FL,,,,969
1976,FL,,,,861
1975,FL,,,,575
1974,FL,,,,573
1973,FL,,,,758
1972,FL,,,,559
1971,FL,,,,663
1970,FL,,,,958
1969,FL,,,,1036
1968,FL,,,,1046
1967,FL,,,,628
1966,FL,,,,909
1965,FL,,,,687
1964,FL,,,,750
1963,FL,,,,965
1962,FL,,,,848
1961,FL,,,,714
1960,FL,,,,924
2022,GA,273701.0,3243.0,286775.0,2682
2021,GA,267476.0,2966.0,283564.0,2502
2020,GA,265602.0,2911.0,280803.0,2403
2019,GA,266585.0,3579.0,278994.0,2457
2018,GA,254393.0,4062.0,269707.0,2798
2017,GA,248229.0,3168.0,266840.0,2265
2016,GA,256482.0,4030.0,272380.0,2544
2015,GA,250572.0,4172.0,281970.0,2573
2014,GA,247171.0,14601.0,277119.0,3191
2013,GA,225463.0,14422.0,260596.0,2948
2012,GA,192835.0,11188.0,224059.0,2341
2011,GA,201314.0,13237.0,229634.0,2771
2010,GA,199387.0,13627.0,226153.0,3467
2009,GA,174672.0,12704.0,199864.0,3004
2008,GA,160697.0,7596.0,184537.0,2973
2007,GA,186860.0,6791.0,191376.0,2628
2006,GA,191015.0,6150.0,194102.0,2657
2005,GA,189871.0,6862.0,191863.0,2869
2004,GA,202506.0,10274.0,202376.0,2783
2003,GA,193872.0,10026.0,193882.0,2931
2002,GA,265343.0,9514.0,265354.0,2839
2001,GA,174091.0,9366.0,174098.0,2701
2000,GA,205344.0,13757.0,205344.0,3059
1999,GA,212369.0,12786.0,212369.0,2662
1998,GA,221057.0,12443.0,221057.0,2525
1997,GA,233372.0,13952.0,233372.0,2925
1996,GA,224444.0,17441.0,224444.0,3230
1995,GA,220160.0,16791.0,220171.0,3034
1994,GA,210923.0,16771.0,211034.0,2776
1993,GA,209260.0,17653.0,209652.0,3189
1992,GA,200421.0,12212.0,200633.0,3003
1991,GA,197187.0,11636.0,197973.0,2678
1990,GA,,,,2365
1989,GA,,,,2987
1988,GA,,,,3265
1987,GA,,,,3101
1986,GA,,,,2711
1985,GA,,,,2910
1984,GA,,,,2913
1983,GA,,,,3413
1982,GA,,,,2806
1981,GA,,,,3364
1980,GA,,,,3312
1979,GA,,,,3212
1978,GA,,,,3369
1977,GA,,,,3336
1976,GA,,,,3366
1975,GA,,,,2797
1974,GA,,,,2640
1973,GA,,,,2945
1972,GA,,,,2864
1971,GA,,,,2962
1970,GA,,,,3219
1969,GA,,,,3492
1968,GA,,,,3538
1967,GA,,,,2967
1966,GA,,,,3337
1965,GA,,,,2994
1964,GA,,,,3159
1963,GA,,,,3426
1962,GA,,,,3207
1961,GA,,,,3088
1960,GA,,,,3512
2022,HI,16937.0,4880.0,20641.0,0
2021,HI,16665.0,4694.0,20352.0,13
2020,HI,15106.0,4581.0,18634.0,2
2019,HI,14258.0,4344.0,18840.0,0
2018,HI,14790.0,4162.0,19630.0,1
2017,HI,14974.0,4129.0,20024.0,1
2016,HI,16893.0,3624.0,21675.0,0
2015,HI,15204.0,3299.0,19675.0,0
2014,HI,15174.0,3434.0,18747.0,0
2013,HI,14827.0,3116.0,18041.0,0
2012,HI,11967.0,2559.0,15301.0,0
2011,HI,11781.0,2293.0,15591.0,0
2010,HI,11494.0,2167.0,14451.0,0
2009,HI,12213.0,2057.0,16109.0,0
2008,HI,12201.0,1818.0,15622.0,0
2007,HI,11350.0,1608.0,13317.0,0
2006,HI,11289.0,1494.0,12819.0,0
2005,HI,10784.0,1456.0,12034.0,0
2004,HI,11680.0,1259.0,11698.0,0
2003,HI,11487.0,1248.0,11495.0,0
2002,HI,9299.0,1230.0,9310.0,0
2001,HI,10241.0,1228.0,10248.0,0
2000,HI,17784.0,1276.0,17784.0,0
1999,HI,19430.0,1275.0,19430.0,0
1998,HI,19091.0,1252.0,19091.0,0
1997,HI,19937.0,1217.0,19937.0,0
1996,HI,21531.0,1206.0,21531.0,0
1995,HI,22171.0,1164.0,22171.0,0
1994,HI,23020.0,1116.0,23020.0,0
1993,HI,26238.0,1062.0,26238.0,0
1992,HI,26202.0,1007.0,26202.0,0
1991,HI,26765.0,955.0,26765.0,0
1990,HI,,,,0
1989,HI,,,,0
1988,HI,,,,0
1987,HI,,,,0
1986,HI,,,,0
1985,HI,,,,0
1984,HI,,,,0
1983,HI,,,,0
1982,HI,,,,0
1981,HI,,,,1
1980,HI,,,,0
1979,HI,,,,0
1978,HI,,,,0
1977,HI,,,,0
1976,HI,,,,0
1975,HI,,,,0
1974,HI,,,,0
1973,HI,,,,0
1972,HI,,,,2
1971,HI,,,,0
1970,HI,,,,0
1969,HI,,,,3
1968,HI,,,,0
1967,HI,,,,0
1966,HI,,,,0
1965,HI,,,,0
1964,HI,,,,0
1963,HI,,,,0
1962,HI,,,,0
1961,HI,,,,0
1960,HI,,,,0
2022,IA,770984.0,5848.0,417911.0,7209
2021,IA,748411.0,4450.0,388813.0,6352
2020,IA,709062.0,4297.0,365607.0,6583
2019,IA,752128.0,6365.0,369223.0,7348
2018,IA,738301.0,5877.0,351318.0,7259
2017,IA,706564.0,4880.0,342813.0,6228
2016,IA,679318.0,4962.0,330249.0,6089
2015,IA,655375.0,5776.0,318443.0,6445
2014,IA,622027.0,6952.0,301879.0,7744
2013,IA,605138.0,6856.0,289684.0,7407
2012,IA,586826.0,5384.0,280227.0,5728
2011,IA,595539.0,6440.0,280133.0,6821
2010,IA,554423.0,6416.0,270862.0,6960
2009,IA,494557.0,5963.0,236137.0,7171
2008,IA,381752.0,5084.0,181596.0,7591
2007,IA,318499.0,4526.0,152781.0,6744
2006,IA,250183.0,4073.0,121841.0,6093
2005,IA,197979.0,4526.0,107696.0,6532
2004,IA,161154.0,5346.0,98090.0,6545
2003,IA,123226.0,5208.0,81767.0,6920
2002,IA,101329.0,4920.0,72597.0,6600
2001,IA,96388.0,4840.0,67480.0,6531
2000,IA,99882.0,4869.0,71239.0,6716
1999,IA,105517.0,4530.0,75731.0,6370
1998,IA,101783.0,4405.0,72818.0,5983
1997,IA,104705.0,4941.0,74583.0,7172
1996,IA,113242.0,6380.0,82247.0,7747
1995,IA,106200.0,6143.0,77467.0,7271
1994,IA,106620.0,6138.0,78020.0,6999
1993,IA,101127.0,6468.0,75750.0,7546
1992,IA,93311.0,7732.0,73277.0,6686
1991,IA,85590.0,7368.0,69801.0,6829
1990,IA,,,,6376
1989,IA,,,,7373
1988,IA,,,,7015
1987,IA,,,,5980
1986,IA,,,,6747
1985,IA,,,,7550
1984,IA,,,,6984
1983,IA,,,,7268
1982,IA,,,,7496
1981,IA,,,,6542
1980,IA,,,,7085
1979,IA,,,,7844
1978,IA,,,,7890
1977,IA,,,,6976
1976,IA,,,,7198
1975,IA,,,,7148
1974,IA,,,,6981
1973,IA,,,,6652
1972,IA,,,,7735
1971,IA,,,,7103
1970,IA,,,,7330
1969,IA,,,,7526
1968,IA,,,,6980
1967,IA,,,,7141
1966,IA,,,,7399
1965,IA,,,,7253
1964,IA,,,,6741
1963,IA,,,,7184
1962,IA,,,,7419
1961,IA,,,,7243
1960,IA,,,,7521
2022,ID,84989.0,13545.0,86220.0,7280
2021,ID,74283.0,10765.0,80779.0,6479
2020,ID,79085.0,9978.0,85442.0,6661
2019,ID,94499.0,16092.0,96888.0,7132
2018,ID,97177.0,14347.0,98525.0,6646
2017,ID,93049.0,12803.0,94677.0,6985
2016,ID,83218.0,11305.0,85045.0,6429
2015,ID,87819.0,12125.0,88853.0,6103
2014,ID,83526.0,4594.0,83287.0,6491
2013,ID,72903.0,4540.0,73263.0,7187
2012,ID,77725.0,3514.0,77809.0,6494
2011,ID,85405.0,4174.0,84613.0,7401
2010,ID,72555.0,4280.0,70914.0,6933
2009,ID,65792.0,3993.0,67562.0,7270
2008,ID,71339.0,9025.0,70656.0,7339
2007,ID,66117.0,8038.0,67907.0,6706
2006,ID,72248.0,7274.0,73414.0,6797
2005,ID,64817.0,8186.0,66000.0,7008
2004,ID,56498.0,1552.0,56199.0,6736
2003,ID,53472.0,1518.0,52787.0,6421
2002,ID,54490.0,1444.0,53899.0,7158
2001,ID,55054.0,1422.0,54613.0,6851
2000,ID,66995.0,2458.0,66584.0,6902
1999,ID,75764.0,2273.0,75416.0,6875
1998,ID,72434.0,2283.0,72052.0,6727
1997,ID,79533.0,2556.0,79204.0,6930
1996,ID,72208.0,2256.0,72019.0,7054
1995,ID,64081.0,2176.0,63648.0,6770
1994,ID,52046.0,2176.0,51607.0,6799
1993,ID,59217.0,2287.0,58875.0,7732
1992,ID,49021.0,2358.0,49024.0,6439
1991,ID,54593.0,2252.0,54792.0,7137
1990,ID,,,,7013
1989,ID,,,,7348
1988,ID,,,,6829
1987,ID,,,,6542
1986,ID,,,,6805
1985,ID,,,,8540
1984,ID,,,,7963
1983,ID,,,,7058
1982,ID,,,,7764
1981,ID,,,,6679
1980,ID,,,,6960
1979,ID,,,,7385
1978,ID,,,,7209
1977,ID,,,,7170
1976,ID,,,,7417
1975,ID,,,,7717
1974,ID,,,,7103
1973,ID,,,,7087
1972,ID,,,,7425
1971,ID,,,,7548
1970,ID,,,,7291
1969,ID,,,,7207
1968,ID,,,,7246
1967,ID,,,,7011
1966,ID,,,,6913
1965,ID,,,,7143
1964,ID,,,,7880
1963,ID,,,,6935
1962,ID,,,,7255
1961,ID,,,,7092
1960,ID,,,,7411
2022,WI,181284.0,24346.0,159660.0,7747
2021,WI,172343.0,19586.0,150391.0,6934
2020,WI,170038.0,20264.0,152214.0,7186
2019,WI,206887.0,30226.0,177352.0,8025
2018,WI,208514.0,30736.0,179888.0,7797
2017,WI,198801.0,25459.0,173491.0,7096
2016,WI,198950.0,26034.0,175018.0,6850
2015,WI,200504.0,30184.0,177132.0,7214
2014,WI,191505.0,24253.0,170579.0,8679
2013,WI,184552.0,23964.0,167004.0,8189
2012,WI,180607.0,18559.0,159237.0,6451
2011,WI,187201.0,21991.0,165350.0,7523
2010,WI,183902.0,22654.0,165909.0,7126
2009,WI,156274.0,21102.0,138138.0,7891
2008,WI,164923.0,28033.0,146450.0,8169
2007,WI,139500.0,25016.0,131522.0,7301
2006,WI,133038.0,22603.0,129267.0,6880
2005,WI,132803.0,25382.0,133050.0,7319
2004,WI,94977.0,8474.0,94937.0,7445
2003,WI,102428.0,8274.0,105269.0,7748
2002,WI,84229.0,7839.0,93609.0,7330
2001,WI,107115.0,7724.0,113726.0,7032
2000,WI,99824.0,5728.0,102202.0,7436
1999,WI,100687.0,5361.0,102773.0,7071
1998,WI,96298.0,5230.0,98824.0,6422
1997,WI,106301.0,5842.0,111497.0,7899
1996,WI,105181.0,8637.0,109575.0,8556
1995,WI,95145.0,8321.0,97801.0,8057
1994,WI,91371.0,8299.0,92731.0,7778
1993,WI,87450.0,8733.0,88684.0,8122
1992,WI,92276.0,16444.0,93750.0,7727
1991,WI,90582.0,15675.0,92278.0,7545
1990,WI,,,,7170
1989,WI,,,,8365
1988,WI,,,,7859
1987,WI,,,,6857
1986,WI,,,,7642
1985,WI,,,,8198
1984,WI,,,,7754
1983,WI,,,,7874
1982,WI,,,,8228
1981,WI,,,,7646
1980,WI,,,,8119
1979,WI,,,,8590
1978,WI,,,,8503
1977,WI,,,,7918
1976,WI,,,,8392
1975,WI,,,,7850
1974,WI,,,,7946
1973,WI,,,,7317
1972,WI,,,,8693
1971,WI,,,,7986
1970,WI,,,,8120
1969,WI,,,,8207
1968,WI,,,,7678
1967,WI,,,,8265
1966,WI,,,,8265
1965,WI,,,,8128
1964,WI,,,,7589
1963,WI,,,,8215
1962,WI,,,,8195
1961,WI,,,,7815
1960,WI,,,,8086
2022,WV,23431.0,8264.0,30496.0,5190
2021,WV,21229.0,7040.0,28620.0,4759
2020,WV,20915.0,6395.0,27526.0,4665
2019,WV,23582.0,9662.0,31310.0,4734
2018,WV,24779.0,9829.0,32956.0,5109
2017,WV,22221.0,8313.0,30542.0,4496
2016,WV,21762.0,8635.0,30007.0,4747
2015,WV,21627.0,9609.0,28681.0,4929
2014,WV,33573.0,20649.0,40725.0,5616
2013,WV,34686.0,20403.0,41896.0,5279
2012,WV,28273.0,15653.0,34793.0,4532
2011,WV,31102.0,18707.0,37425.0,4849
2010,WV,31345.0,19283.0,37585.0,5451
2009,WV,29960.0,17980.0,35741.0,5238
2008,WV,18843.0,10271.0,23022.0,5269
2007,WV,16821.0,9177.0,17670.0,4905
2006,WV,16906.0,8303.0,17522.0,4819
2005,WV,17782.0,9352.0,18193.0,5184
2004,WV,9458.0,2533.0,10995.0,4965
2003,WV,9566.0,2461.0,10995.0,5315
2002,WV,7871.0,2341.0,8958.0,4958
2001,WV,8137.0,2310.0,8577.0,4926
2000,WV,9566.0,3480.0,9592.0,5256
1999,WV,8469.0,3238.0,8470.0,4965
1998,WV,8840.0,3153.0,8842.0,4496
1997,WV,9837.0,3544.0,9853.0,5435
1996,WV,12164.0,4868.0,12182.0,5604
1995,WV,11223.0,4683.0,11336.0,5507
1994,WV,10789.0,4676.0,10956.0,5305
1993,WV,10775.0,4925.0,11000.0,5373
1992,WV,9662.0,3599.0,10049.0,5323
1991,WV,8916.0,3432.0,8916.0,4756
1990,WV,,,,4492
1989,WV,,,,5610
1988,WV,,,,5695
1987,WV,,,,5261
1986,WV,,,,5130
1985,WV,,,,5254
1984,WV,,,,5318
1983,WV,,,,5533
1982,WV,,,,5256
1981,WV,,,,5852
1980,WV,,,,5833
1979,WV,,,,5706
1978,WV,,,,5999
1977,WV,,,,5677
1976,WV,,,,5811
1975,WV,,,,5176
1974,WV,,,,5107
1973,WV,,,,5024
1972,WV,,,,5471
1971,WV,,,,5376
1970,WV,,,,5439
1969,WV,,,,5899
1968,WV,,,,5803
1967,WV,,,,5551
1966,WV,,,,5866
1965,WV,,,,5383
1964,WV,,,,5388
1963,WV,,,,5976
1962,WV,,,,5694
1961,WV,,,,5544
1960,WV,,,,5903
2022,WY,60836.0,4537.0,45394.0,8441
2021,WY,49148.0,3075.0,39857.0,7865
2020,WY,39039.0,3206.0,31258.0,8069
2019,WY,36285.0,4358.0,27766.0,8906
2018,WY,25327.0,4301.0,26262.0,8177
2017,WY,24303.0,4272.0,27840.0,7895
2016,WY,23329.0,3679.0,27276.0,7678
2015,WY,22549.0,4253.0,25056.0,7583
2014,WY,21967.0,1370.0,23842.0,8245
2013,WY,21583.0,1355.0,23277.0,8516
2012,WY,21644.0,1055.0,23353.0,7417
2011,WY,23567.0,1231.0,25020.0,8645
2010,WY,17672.0,1281.0,18860.0,8271
2009,WY,13740.0,1196.0,14767.0,8630
2008,WY,10120.0,2188.0,10894.0,8744
2007,WY,8715.0,1914.0,9356.0,7995
2006,WY,8923.0,1732.0,9146.0,7979
2005,WY,9056.0,1952.0,9242.0,7964
2004,WY,6445.0,627.0,6050.0,8033
2003,WY,5619.0,612.0,5193.0,8021
2002,WY,5659.0,582.0,5308.0,8588
2001,WY,6298.0,573.0,6047.0,7988
2000,WY,6702.0,1039.0,6478.0,8200
1999,WY,6289.0,965.0,6108.0,7834
1998,WY,6800.0,938.0,6611.0,8129
1997,WY,7033.0,1055.0,6890.0,8555
1996,WY,6298.0,1004.0,6383.0,8648
1995,WY,5193.0,966.0,5464.0,8409
1994,WY,5741.0,966.0,6161.0,7968
1993,WY,4777.0,1018.0,5319.0,9251
1992,WY,4381.0,1110.0,4857.0,8017
1991,WY,5325.0,1058.0,5610.0,8381
1990,WY,,,,8354
1989,WY,,,,8579
1988,WY,,,,8188
1987,WY,,,,8088
1986,WY,,,,8122
1985,WY,,,,9262
1984,WY,,,,9018
1983,WY,,,,8766
1982,WY,,,,9015
1981,WY,,,,7673
1980,WY,,,,8343
1979,WY,,,,8976
1978,WY,,,,9177
1977,WY,,,,8289
1976,WY,,,,8522
1975,WY,,,,9108
1974,WY,,,,8540
1973,WY,,,,8993
1972,WY,,,,8894
1971,WY,,,,8977
1970,WY,,,,8925
1969,WY,,,,8633
1968,WY,,,,8965
1967,WY,,,,8664
1966,WY,,,,8592
1965,WY,,,,8816
1964,WY,,,,9133
1963,WY,,,,8174
1962,WY,,,,8528
1961,WY,,,,8724
1960,WY,,,,8655
2022,IL,333692.0,10161.0,245149.0,6325
2021,IL,304992.0,8314.0,221913.0,5684
2020,IL,289750.0,7881.0,205918.0,5774
2019,IL,291260.0,9871.0,212538.0,6430
2018,IL,290347.0,9340.0,208272.0,6427
2017,IL,306086.0,7970.0,214189.0,5543
2016,IL,311818.0,8585.0,213268.0,5544
2015,IL,290705.0,9208.0,205971.0,6004
2014,IL,306069.0,19347.0,215357.0,7164
2013,IL,295603.0,19120.0,208627.0,6612
2012,IL,276973.0,15380.0,194273.0,5148
2011,IL,273328.0,17601.0,193736.0,6043
2010,IL,269161.0,18077.0,187252.0,6105
2009,IL,232230.0,16814.0,167385.0,6396
2008,IL,183743.0,9352.0,144679.0,6652
2007,IL,163268.0,8290.0,125593.0,5940
2006,IL,133718.0,7368.0,106647.0,5535
2005,IL,136545.0,7812.0,107993.0,5931
2004,IL,152828.0,18204.0,125050.0,5918
2003,IL,158374.0,17608.0,126015.0,6287
2002,IL,139390.0,16560.0,110708.0,6002
2001,IL,112174.0,16206.0,99873.0,5740
2000,IL,108816.0,12014.0,96707.0,6130
1999,IL,103042.0,11204.0,92867.0,5824
1998,IL,104277.0,10853.0,90544.0,5167
1997,IL,102241.0,12087.0,90517.0,6531
1996,IL,87466.0,18339.0,82764.0,6893
1995,IL,119951.0,17651.0,97004.0,6588
1994,IL,121650.0,17610.0,100045.0,6195
1993,IL,120127.0,18542.0,97273.0,6587
1992,IL,133453.0,35750.0,113849.0,6110
1991,IL,125161.0,34062.0,107987.0,5920
1990,IL,,,,5617
1989,IL,,,,6766
1988,IL,,,,6493
1987,IL,,,,5665
1986,IL,,,,6050
1985,IL,,,,6654
1984,IL,,,,6340
1983,IL,,,,6447
1982,IL,,,,6654
1981,IL,,,,6295
1980,IL,,,,6711
1979,IL,,,,7093
1978,IL,,,,7132
1977,IL,,,,6560
1976,IL,,,,6825
1975,IL,,,,6252
1974,IL,,,,6282
1973,IL,,,,5882
1972,IL,,,,6955
1971,IL,,,,6244
1970,IL,,,,6587
1969,IL,,,,6763
1968,IL,,,,6389
1967,IL,,,,6610
1966,IL,,,,6721
1965,IL,,,,6351
1964,IL,,,,6149
1963,IL,,,,6808
1962,IL,,,,6740
1961,IL,,,,6482
1960,IL,,,,6791
2022,IN,251540.0,14247.0,170310.0,5746
2021,IN,237409.0,13810.0,160847.0,5273
2020,IN,206591.0,12974.0,142065.0,5279
2019,IN,219234.0,17127.0,149440.0,5725
2018,IN,236818.0,17287.0,155682.0,5801
2017,IN,227326.0,14200.0,150723.0,4986
2016,IN,225053.0,16082.0,151409.0,5133
2015,IN,212230.0,16489.0,143442.0,5605
2014,IN,202728.0,17897.0,138689.0,6563
2013,IN,189778.0,17725.0,133966.0,5961
2012,IN,175193.0,14506.0,122421.0,4832
2011,IN,199631.0,16317.0,132741.0,5494
2010,IN,184107.0,16814.0,126797.0,5779
2009,IN,145408.0,15517.0,106577.0,5822
2008,IN,127415.0,16707.0,94961.0,6038
2007,IN,69522.0,14794.0,64690.0,5459
2006,IN,45783.0,13213.0,52408.0,5147
2005,IN,55702.0,14390.0,60939.0,5617
2004,IN,51952.0,10297.0,55154.0,5524
2003,IN,52446.0,9946.0,54645.0,5913
2002,IN,49752.0,9223.0,52552.0,5529
2001,IN,45664.0,9018.0,49208.0,5259
2000,IN,40030.0,6767.0,44680.0,5810
1999,IN,40351.0,6345.0,44825.0,5412
1998,IN,40935.0,6108.0,41269.0,4782
1997,IN,41931.0,6752.0,43216.0,6084
1996,IN,44944.0,9725.0,46611.0,6312
1995,IN,49279.0,9347.0,51468.0,6040
1994,IN,48606.0,9307.0,48955.0,5786
1993,IN,49450.0,9817.0,50485.0,6131
1992,IN,57955.0,18235.0,59138.0,5677
1991,IN,58192.0,17363.0,59103.0,5334
1990,IN,,,,5116
1989,IN,,,,6262
1988,IN,,,,6154
1987,IN,,,,5443
1986,IN,,,,5627
1985,IN,,,,5964
1984,IN,,,,5960
1983,IN,,,,5981
1982,IN,,,,6067
1981,IN,,,,6087
1980,IN,,,,6369
1979,IN,,,,6549
1978,IN,,,,6765
1977,IN,,,,6199
1976,IN,,,,6260
1975,IN,,,,5721
1974,IN,,,,5812
1973,IN,,,,5432
1972,IN,,,,6269
1971,IN,,,,5846
1970,IN,,,,6109
1969,IN,,,,6309
1968,IN,,,,6127
1967,IN,,,,6074
1966,IN,,,,6301
1965,IN,,,,5825
1964,IN,,,,5755
1963,IN,,,,6445
1962,IN,,,,6238
1961,IN,,,,6065
1960,IN,,,,6368
2022,KS,201334.0,3607.0,152546.0,5040
2021,KS,175281.0,2607.0,135801.0,4532
2020,KS,169674.0,3087.0,130848.0,4657
2019,KS,157699.0,4525.0,122831.0,5277
2018,KS,145643.0,4566.0,114992.0,5239
2017,KS,140461.0,3319.0,111701.0,4263
2016,KS,123462.0,3670.0,96781.0,4223
2015,KS,112288.0,4199.0,84838.0,4518
2014,KS,113440.0,5518.0,85579.0,5334
2013,KS,96294.0,5455.0,75066.0,5385
2012,KS,81664.0,4255.0,58263.0,3973
2011,KS,85012.0,5302.0,57930.0,5060
2010,KS,81821.0,5020.0,53570.0,5041
2009,KS,72817.0,4674.0,48410.0,5135
2008,KS,73864.0,4484.0,46821.0,5313
2007,KS,42163.0,4004.0,28654.0,4889
2006,KS,33180.0,3615.0,21906.0,4263
2005,KS,28222.0,4049.0,20107.0,4689
2004,KS,25890.0,4836.0,17119.0,4671
2003,KS,23958.0,4719.0,19377.0,4946
2002,KS,18954.0,4478.0,16319.0,4957
2001,KS,12631.0,4413.0,10477.0,4666
2000,KS,11810.0,4488.0,9816.0,4956
1999,KS,11444.0,4175.0,10058.0,4458
1998,KS,11581.0,4068.0,9818.0,4605
1997,KS,11790.0,4571.0,10255.0,5190
1996,KS,12499.0,5839.0,11716.0,5455
1995,KS,15012.0,5624.0,12871.0,5149
1994,KS,15211.0,5622.0,13015.0,4881
1993,KS,15439.0,5921.0,13478.0,5674
1992,KS,15305.0,7044.0,14180.0,4701
1991,KS,15551.0,6715.0,14232.0,4724
1990,KS,,,,4645
1989,KS,,,,5272
1988,KS,,,,5094
1987,KS,,,,4660
1986,KS,,,,4580
1985,KS,,,,5648
1984,KS,,,,5181
1983,KS,,,,5699
1982,KS,,,,5400
1981,KS,,,,4662
1980,KS,,,,5219
1979,KS,,,,5826
1978,KS,,,,5849
1977,KS,,,,4943
1976,KS,,,,5097
1975,KS,,,,5203
1974,KS,,,,5000
1973,KS,,,,5064
1972,KS,,,,5386
1971,KS,,,,5163
1970,KS,,,,5302
1969,KS,,,,5482
1968,KS,,,,5307
1967,KS,,,,4920
1966,KS,,,,5273
1965,KS,,,,4877
1964,KS,,,,4942
1963,KS,,,,5023
1962,KS,,,,5183
1961,KS,,,,5444
1960,KS,,,,5598
2022,KY,68537.0,9476.0,80976.0,4474
2021,KY,61894.0,7693.0,73791.0,4165
2020,KY,61308.0,8118.0,71810.0,4078
2019,KY,65594.0,12297.0,77995.0,4190
2018,KY,64688.0,11270.0,78301.0,4466
2017,KY,63260.0,9534.0,77044.0,3802
2016,KY,56552.0,9468.0,71453.0,4075
2015,KY,55147.0,10555.0,69247.0,4303
2014,KY,62461.0,18024.0,77402.0,5017
2013,KY,60523.0,17830.0,76322.0,4698
2012,KY,53967.0,14110.0,65895.0,3790
2011,KY,59783.0,16380.0,71725.0,4257
2010,KY,54435.0,16885.0,68142.0,4827
2009,KY,51775.0,15666.0,63979.0,4552
2008,KY,48672.0,12477.0,59129.0,4689
2007,KY,45452.0,11077.0,55020.0,4148
2006,KY,45528.0,9940.0,53194.0,4131
2005,KY,47933.0,10964.0,55219.0,4386
2004,KY,44177.0,5891.0,46223.0,4238
2003,KY,39112.0,5685.0,44005.0,4597
2002,KY,35646.0,5291.0,37866.0,4371
2001,KY,26509.0,5180.0,26855.0,4219
2000,KY,20271.0,6158.0,20504.0,4579
1999,KY,20784.0,5746.0,21088.0,4144
1998,KY,22338.0,5564.0,22665.0,3857
1997,KY,24981.0,6206.0,25533.0,4798
1996,KY,30916.0,11577.0,31382.0,4901
1995,KY,27584.0,11143.0,28033.0,4759
1994,KY,28961.0,11124.0,29855.0,4548
1993,KY,26220.0,11727.0,28339.0,4850
1992,KY,31892.0,15295.0,35252.0,4497
1991,KY,30936.0,14571.0,33801.0,4141
1990,KY,,,,3894
1989,KY,,,,4893
1988,KY,,,,4959
1987,KY,,,,4453
1986,KY,,,,4350
1985,KY,,,,4697
1984,KY,,,,4623
1983,KY,,,,4906
1982,KY,,,,4540
1981,KY,,,,4960
1980,KY,,,,5110
1979,KY,,,,5142
1978,KY,,,,5411
1977,KY,,,,5027
1976,KY,,,,5084
1975,KY,,,,4490
1974,KY,,,,4361
1973,KY,,,,4371
1972,KY,,,,4750
1971,KY,,,,4579
1970,KY,,,,4832
1969,KY,,,,5178
1968,KY,,,,5076
1967,KY,,,,4632
1966,KY,,,,5120
1965,KY,,,,4579
1964,KY,,,,4559
1963,KY,,,,5119
1962,KY,,,,4951
1961,KY,,,,4832
1960,KY,,,,5265
2022,LA,223605.0,2443.0,133469.0,1686
2021,LA,175319.0,2257.0,136496.0,1510
2020,LA,165447.0,2226.0,136714.0,1336
2019,LA,164357.0,2372.0,141712.0,1584
2018,LA,166802.0,2343.0,152924.0,1681
2017,LA,163827.0,2113.0,155142.0,1166
2016,LA,175201.0,2177.0,168655.0,1367
2015,LA,147818.0,2290.0,151480.0,1516
2014,LA,162543.0,4083.0,166094.0,2088
2013,LA,133651.0,3908.0,144822.0,1807
2012,LA,111635.0,3159.0,126485.0,1276
2011,LA,113019.0,3447.0,128492.0,1685
2010,LA,106239.0,3532.0,127408.0,2209
2009,LA,99294.0,3248.0,111387.0,1675
2008,LA,102917.0,2357.0,107866.0,1669
2007,LA,145147.0,2077.0,146627.0,1557
2006,LA,145180.0,1834.0,146066.0,1486
2005,LA,145968.0,1938.0,146512.0,1576
2004,LA,178384.0,4227.0,182515.0,1647
2003,LA,142621.0,4102.0,146645.0,1849
2002,LA,134911.0,3839.0,138094.0,1793
2001,LA,131018.0,3767.0,131061.0,1652
2000,LA,138715.0,4080.0,138738.0,1725
1999,LA,142844.0,3814.0,142980.0,1458
1998,LA,140271.0,3704.0,140327.0,1510
1997,LA,142583.0,4130.0,142648.0,1821
1996,LA,145764.0,8285.0,145919.0,1794
1995,LA,145028.0,7980.0,145672.0,1730
1994,LA,140535.0,7967.0,141614.0,1628
1993,LA,128994.0,8392.0,129759.0,1945
1992,LA,126249.0,6173.0,127019.0,1723
1991,LA,122897.0,5883.0,123489.0,1655
1990,LA,,,,1387
1989,LA,,,,1879
1988,LA,,,,1894
1987,LA,,,,1845
1986,LA,,,,1641
1985,LA,,,,1906
1984,LA,,,,1717
1983,LA,,,,2207
1982,LA,,,,1611
1981,LA,,,,1940
1980,LA,,,,2026
1979,LA,,,,2216
1978,LA,,,,2285
1977,LA,,,,2045
1976,LA,,,,2107
1975,LA,,,,1671
1974,LA,,,,1538
1973,LA,,,,1819
1972,LA,,,,1703
1971,LA,,,,1621
1970,LA,,,,2049
1969,LA,,,,1993
1968,LA,,,,2242
1967,LA,,,,1735
1966,LA,,,,2035
1965,LA,,,,1679
1964,LA,,,,1913
1963,LA,,,,2189
1962,LA,,,,1930
1961,LA,,,,1868
1960,LA,,,,2162
2022,MA,52235.0,12667.0,75053.0,5708
2021,MA,48807.0,9958.0,71756.0,5515
2020,MA,46493.0,9285.0,67265.0,5535
2019,MA,49653.0,13106.0,75027.0,6245
2018,MA,50150.0,11123.0,75953.0,6061
2017,MA,47728.0,10530.0,75135.0,5796
2016,MA,49363.0,10156.0,76800.0,5711
2015,MA,48868.0,11588.0,75073.0,6268
2014,MA,49666.0,12493.0,74701.0,6398
2013,MA,46887.0,12111.0,72357.0,6168
2012,MA,42365.0,9301.0,65704.0,5296
2011,MA,44953.0,10981.0,69123.0,5861
2010,MA,43902.0,11283.0,68551.0,5722
2009,MA,41546.0,10522.0,61283.0,6380
2008,MA,35197.0,4204.0,53025.0,6182
2007,MA,33035.0,3749.0,54415.0,6264
2006,MA,35681.0,3380.0,52343.0,5657
2005,MA,33905.0,3765.0,40064.0,6415
2004,MA,44460.0,12773.0,45170.0,6447
2003,MA,43105.0,12443.0,43186.0,6732
2002,MA,40792.0,11831.0,40875.0,5959
2001,MA,43124.0,11663.0,43130.0,5961
2000,MA,62221.0,14456.0,62221.0,6361
1999,MA,58519.0,13454.0,58519.0,5836
1998,MA,59419.0,13115.0,59419.0,5556
1997,MA,65292.0,14741.0,65292.0,6493
1996,MA,70193.0,20494.0,70193.0,6532
1995,MA,66549.0,19744.0,66549.0,6452
1994,MA,66997.0,19740.0,66997.0,6515
1993,MA,63660.0,20771.0,63660.0,6587
1992,MA,61424.0,20079.0,61424.0,6750
1991,MA,58748.0,19143.0,58748.0,5826
1990,MA,,,,5758
1989,MA,,,,6801
1988,MA,,,,6692
1987,MA,,,,6514
1986,MA,,,,6464
1985,MA,,,,6525
1984,MA,,,,6378
1983,MA,,,,6238
1982,MA,,,,6650
1981,MA,,,,6631
1980,MA,,,,6854
1979,MA,,,,6318
1978,MA,,,,7064
1977,MA,,,,6571
1976,MA,,,,6785
1975,MA,,,,6322
1974,MA,,,,6585
1973,MA,,,,6080
1972,MA,,,,6963
1971,MA,,,,6673
1970,MA,,,,6841
1969,MA,,,,6610
1968,MA,,,,6832
1967,MA,,,,7032
1966,MA,,,,6694
1965,MA,,,,6843
1964,MA,,,,6631
1963,MA,,,,6831
1962,MA,,,,7041
1961,MA,,,,6697
1960,MA,,,,6657
2022,MD,27437.0,8367.0,48003.0,4517
2021,MD,27292.0,6298.0,49587.0,4159
2020,MD,26046.0,6704.0,45798.0,4021
2019,MD,32654.0,8490.0,57000.0,4409
2018,MD,39507.0,8544.0,63861.0,4647
2017,MD,34861.0,7127.0,60362.0,4104
2016,MD,32824.0,6465.0,58363.0,4363
2015,MD,32750.0,6955.0,58334.0,4609
2014,MD,39201.0,12400.0,63530.0,5079
2013,MD,39613.0,12103.0,64565.0,4706
2012,MD,35927.0,9398.0,58471.0,3946
2011,MD,39735.0,11039.0,62268.0,4344
2010,MD,38022.0,11362.0,61233.0,4624
2009,MD,36398.0,10567.0,54631.0,4728
2008,MD,32102.0,5493.0,47433.0,4538
2007,MD,30176.0,4890.0,47438.0,4529
2006,MD,31898.0,4399.0,45719.0,4101
2005,MD,32418.0,4875.0,37338.0,4760
2004,MD,36864.0,6618.0,36899.0,4630
2003,MD,36365.0,6422.0,36390.0,4971
2002,MD,26833.0,6071.0,29893.0,4383
2001,MD,25055.0,5973.0,25084.0,4417
2000,MD,42122.0,9150.0,42360.0,4757
1999,MD,40970.0,8510.0,41184.0,4462
1998,MD,40646.0,8284.0,40856.0,3961
1997,MD,42117.0,9302.0,42372.0,4780
1996,MD,48979.0,12355.0,49203.0,5128
1995,MD,41861.0,11898.0,42126.0,4912
1994,MD,39116.0,11893.0,39116.0,4840
1993,MD,37825.0,12527.0,37825.0,4990
1992,MD,34027.0,8767.0,34027.0,4895
1991,MD,31790.0,8352.0,31790.0,4262
1990,MD,,,,3927
1989,MD,,,,5108
1988,MD,,,,5164
1987,MD,,,,4846
1986,MD,,,,4789
1985,MD,,,,4587
1984,MD,,,,4833
1983,MD,,,,4939
1982,MD,,,,4917
1981,MD,,,,5131
1980,MD,,,,5177
1979,MD,,,,5048
1978,MD,,,,5401
1977,MD,,,,5010
1976,MD,,,,5106
1975,MD,,,,4701
1974,MD,,,,4665
1973,MD,,,,4595
1972,MD,,,,5071
1971,MD,,,,4860
1970,MD,,,,5131
1969,MD,,,,5242
1968,MD,,,,5118
1967,MD,,,,5243
1966,MD,,,,5291
1965,MD,,,,5068
1964,MD,,,,4905
1963,MD,,,,5281
1962,MD,,,,5293
1961,MD,,,,5146
1960,MD,,,,5270
2022,ME,96000.0,17503.0,101763.0,7238
2021,ME,94212.0,13056.0,100381.0,6959
2020,ME,98806.0,13783.0,104563.0,7184
2019,ME,115031.0,22505.0,121219.0,8097
2018,ME,116868.0,20893.0,123229.0,7835
2017,ME,114543.0,17320.0,122041.0,7499
2016,ME,114572.0,17137.0,122754.0,7268
2015,ME,133762.0,24743.0,140942.0,8023
2014,ME,128587.0,16654.0,135275.0,7954
2013,ME,133397.0,16454.0,140024.0,7742
2012,ME,129106.0,12644.0,134375.0,7073
2011,ME,132020.0,15067.0,137230.0,7454
2010,ME,131655.0,15526.0,136581.0,6885
2009,ME,119573.0,14478.0,124882.0,8058
2008,ME,153013.0,6798.0,157201.0,7780
2007,ME,130786.0,6049.0,131678.0,8030
2006,ME,124501.0,5476.0,125129.0,7028
2005,ME,132727.0,6145.0,133131.0,7843
2004,ME,114116.0,3251.0,114122.0,8170
2003,ME,111046.0,3167.0,111050.0,8250
2002,ME,121672.0,3018.0,121676.0,7749
2001,ME,127839.0,2980.0,127842.0,7548
2000,ME,138647.0,3589.0,138647.0,7947
1999,ME,133593.0,3347.0,133593.0,7141
1998,ME,126027.0,3260.0,126027.0,7164
1997,ME,137018.0,3654.0,137018.0,8324
1996,ME,138415.0,4990.0,138415.0,8052
1995,ME,137743.0,4810.0,137743.0,8076
1994,ME,132498.0,4805.0,132498.0,8210
1993,ME,135766.0,5044.0,135766.0,8332
1992,ME,134693.0,4811.0,134693.0,8363
1991,ME,130449.0,4589.0,130449.0,7664
1990,ME,,,,7486
1989,ME,,,,8570
1988,ME,,,,8084
1987,ME,,,,8033
1986,ME,,,,8208
1985,ME,,,,8329
1984,ME,,,,7927
1983,ME,,,,7654
1982,ME,,,,8321
1981,ME,,,,7806
1980,ME,,,,8483
1979,ME,,,,7753
1978,ME,,,,8587
1977,ME,,,,8165
1976,ME,,,,8443
1975,ME,,,,8090
1974,ME,,,,8400
1973,ME,,,,7712
1972,ME,,,,8764
1971,ME,,,,8344
1970,ME,,,,8392
1969,ME,,,,8030
1968,ME,,,,8452
1967,ME,,,,8620
1966,ME,,,,8022
1965,ME,,,,8515
1964,ME,,,,8294
1963,ME,,,,8503
1962,ME,,,,8656
1961,ME,,,,8169
1960,ME,,,,7973
2022,MI,190123.0,31958.0,200309.0,6708
2021,MI,177681.0,26540.0,189100.0,6079
2020,MI,171519.0,28672.0,181774.0,6276
2019,MI,191196.0,42205.0,202134.0,6963
2018,MI,196023.0,41210.0,206029.0,6854
2017,MI,185293.0,34765.0,197587.0,6225
2016,MI,179844.0,34913.0,197792.0,6156
2015,MI,185784.0,42432.0,202084.0,6713
2014,MI,169113.0,26253.0,187932.0,7670
2013,MI,162684.0,25979.0,182869.0,7009
2012,MI,147926.0,21020.0,165146.0,5774
2011,MI,150591.0,23900.0,165125.0,6727
2010,MI,138194.0,24609.0,149986.0,6401
2009,MI,121038.0,22774.0,139130.0,7029
2008,MI,136611.0,31229.0,148718.0,7073
2007,MI,124816.0,27785.0,132445.0,6554
2006,MI,107203.0,24912.0,120109.0,6159
2005,MI,107180.0,27441.0,121265.0,6793
2004,MI,98585.0,16509.0,107972.0,6774
2003,MI,93991.0,16002.0,103314.0,7132
2002,MI,77921.0,14966.0,88212.0,6657
2001,MI,83345.0,14682.0,88213.0,6272
2000,MI,100813.0,11052.0,108675.0,6777
1999,MI,98008.0,10369.0,101323.0,6505
1998,MI,96473.0,10033.0,99402.0,5766
1997,MI,102095.0,11126.0,104363.0,7248
1996,MI,110098.0,16373.0,111880.0,7502
1995,MI,94695.0,15764.0,98922.0,7253
1994,MI,90995.0,15707.0,97443.0,7110
1993,MI,88322.0,16525.0,93903.0,7362
1992,MI,96126.0,31109.0,100867.0,7124
1991,MI,93057.0,29644.0,98544.0,6505
1990,MI,,,,6396
1989,MI,,,,7514
1988,MI,,,,7154
1987,MI,,,,6426
1986,MI,,,,6911
1985,MI,,,,7117
1984,MI,,,,7119
1983,MI,,,,7078
1982,MI,,,,7246
1981,MI,,,,7216
1980,MI,,,,7579
1979,MI,,,,7511
1978,MI,,,,7741
1977,MI,,,,7176
1976,MI,,,,7593
1975,MI,,,,6949
1974,MI,,,,7225
1973,MI,,,,6575
1972,MI,,,,7662
1971,MI,,,,7019
1970,MI,,,,7272
1969,MI,,,,7333
1968,MI,,,,7112
1967,MI,,,,7416
1966,MI,,,,7428
1965,MI,,,,7246
1964,MI,,,,6859
1963,MI,,,,7513
1962,MI,,,,7437
1961,MI,,,,7101
1960,MI,,,,7356
2022,MN,307778.0,16939.0,230364.0,9123
2021,MN,288035.0,12669.0,213105.0,7826
2020,MN,270280.0,13833.0,204836.0,8310
2019,MN,292702.0,22478.0,225170.0,9326
2018,MN,293060.0,20293.0,223685.0,9008
2017,MN,287802.0,15319.0,217891.0,8145
2016,MN,286182.0,16073.0,217860.0,7594
2015,MN,282999.0,18917.0,215727.0,7889
2014,MN,277897.0,17396.0,211431.0,9627
2013,MN,251990.0,17191.0,191780.0,9372
2012,MN,252838.0,13468.0,193188.0,7387
2011,MN,262962.0,15780.0,194486.0,8472
2010,MN,255313.0,16258.0,189230.0,8191
2009,MN,225619.0,15117.0,166627.0,8920
2008,MN,186228.0,12610.0,146841.0,9272
2007,MN,163737.0,11208.0,131914.0,8298
2006,MN,147834.0,10109.0,112712.0,7651
2005,MN,126930.0,11241.0,108272.0,8127
2004,MN,115285.0,9299.0,104620.0,8447
2003,MN,101719.0,9087.0,95537.0,8601
2002,MN,95620.0,8601.0,92437.0,8478
2001,MN,96985.0,8490.0,96083.0,8100
2000,MN,92184.0,8453.0,93403.0,8447
1999,MN,84072.0,7921.0,87458.0,7868
1998,MN,73043.0,7727.0,80365.0,7412
1997,MN,76107.0,8633.0,82546.0,8876
1996,MN,71941.0,10903.0,76729.0,9865
1995,MN,68125.0,10515.0,77675.0,9077
1994,MN,63970.0,10471.0,73382.0,8736
1993,MN,62166.0,11018.0,70211.0,9347
1992,MN,62139.0,12877.0,65245.0,8554
1991,MN,55957.0,12283.0,58373.0,8634
1990,MN,,,,8201
1989,MN,,,,9457
1988,MN,,,,8882
1987,MN,,,,7399
1986,MN,,,,8567
1985,MN,,,,9426
1984,MN,,,,8752
1983,MN,,,,8905
1982,MN,,,,9388
1981,MN,,,,8271
1980,MN,,,,8931
1979,MN,,,,9754
1978,MN,,,,9437
1977,MN,,,,8756
1976,MN,,,,9133
1975,MN,,,,9139
1974,MN,,,,9007
1973,MN,,,,8345
1972,MN,,,,9931
1971,MN,,,,9185
1970,MN,,,,9475
1969,MN,,,,9240
1968,MN,,,,8755
1967,MN,,,,9360
1966,MN,,,,9574
1965,MN,,,,9606
1964,MN,,,,8745
1963,MN,,,,8830
1962,MN,,,,9115
1961,MN,,,,8769
1960,MN,,,,9142
2022,MO,122845.0,16747.0,101807.0,5216
2021,MO,113688.0,12713.0,93976.0,4645
2020,MO,106053.0,13728.0,83687.0,4765
2019,MO,110378.0,20480.0,91521.0,5182
2018,MO,108694.0,20580.0,88023.0,5320
2017,MO,96718.0,15151.0,82338.0,4291
2016,MO,90837.0,16363.0,79283.0,4399
2015,MO,89187.0,18692.0,79173.0,4728
2014,MO,101235.0,30535.0,87044.0,5700
2013,MO,95636.0,30099.0,83292.0,5461
2012,MO,79725.0,23116.0,72612.0,4079
2011,MO,88207.0,27533.0,81460.0,4998
2010,MO,86793.0,28385.0,85120.0,5244
2009,MO,86576.0,26451.0,77365.0,5183
2008,MO,75450.0,20552.0,69737.0,5462
2007,MO,57634.0,18355.0,54381.0,4845
2006,MO,43917.0,16591.0,42248.0,4446
2005,MO,44917.0,18660.0,47000.0,4782
2004,MO,31068.0,10464.0,34348.0,4813
2003,MO,27223.0,10218.0,30297.0,5127
2002,MO,26051.0,9705.0,28683.0,5016
2001,MO,25285.0,9573.0,25500.0,4772
2000,MO,17606.0,9566.0,19220.0,5072
1999,MO,19870.0,8912.0,21279.0,4568
1998,MO,21476.0,8690.0,22132.0,4482
1997,MO,19917.0,9760.0,20496.0,5365
1996,MO,21666.0,12386.0,22717.0,5633
1995,MO,23014.0,11937.0,25012.0,5327
1994,MO,22666.0,11936.0,25653.0,5005
1993,MO,28018.0,12569.0,30680.0,5680
1992,MO,24491.0,14925.0,26821.0,4833
1991,MO,22676.0,14231.0,24654.0,4814
1990,MO,,,,4560
1989,MO,,,,5479
1988,MO,,,,5292
1987,MO,,,,4688
1986,MO,,,,4833
1985,MO,,,,5627
1984,MO,,,,5177
1983,MO,,,,5569
1982,MO,,,,5425
1981,MO,,,,4991
1980,MO,,,,5440
1979,MO,,,,5941
1978,MO,,,,5981
1977,MO,,,,5312
1976,MO,,,,5369
1975,MO,,,,5130
1974,MO,,,,5040
1973,MO,,,,4941
1972,MO,,,,5456
1971,MO,,,,5059
1970,MO,,,,5375
1969,MO,,,,5569
1968,MO,,,,5470
1967,MO,,,,5131
1966,MO,,,,5445
1965,MO,,,,4986
1964,MO,,,,4981
1963,MO,,,,5390
1962,MO,,,,5470
1961,MO,,,,5413
1960,MO,,,,5669
2022,MS,61796.0,1324.0,65275.0,2355
2021,MS,61133.0,1021.0,66311.0,2162
2020,MS,61708.0,1087.0,66117.0,1983
2019,MS,64556.0,1785.0,68301.0,2276
2018,MS,74723.0,1676.0,72143.0,2469
2017,MS,70474.0,995.0,71291.0,1818
2016,MS,78099.0,1469.0,76933.0,2091
2015,MS,60409.0,1584.0,74213.0,2165
2014,MS,64555.0,6519.0,78041.0,2877
2013,MS,64692.0,6443.0,76894.0,2602
2012,MS,79599.0,4980.0,88537.0,1957
2011,MS,66400.0,6207.0,75573.0,2409
2010,MS,63661.0,5954.0,74760.0,2971
2009,MS,55625.0,5551.0,56832.0,2477
2008,MS,50044.0,5339.0,50436.0,2520
2007,MS,66060.0,4770.0,64570.0,2223
2006,MS,63223.0,4314.0,63631.0,2237
2005,MS,62678.0,4859.0,62951.0,2344
2004,MS,61251.0,3473.0,61297.0,2339
2003,MS,45346.0,3388.0,45369.0,2571
2002,MS,49641.0,3217.0,49669.0,2498
2001,MS,56085.0,3168.0,56103.0,2386
2000,MS,75389.0,3852.0,75389.0,2524
1999,MS,65132.0,3578.0,65132.0,2144
1998,MS,64175.0,3487.0,64175.0,2139
1997,MS,84291.0,3922.0,84291.0,2589
1996,MS,85740.0,7500.0,85759.0,2604
1995,MS,94192.0,7223.0,94383.0,2525
1994,MS,94862.0,7222.0,95203.0,2354
1993,MS,92435.0,7603.0,92918.0,2746
1992,MS,90830.0,10076.0,90830.0,2486
1991,MS,89510.0,9604.0,89510.0,2334
1990,MS,,,,2025
1989,MS,,,,2646
1988,MS,,,,2728
1987,MS,,,,2531
1986,MS,,,,2351
1985,MS,,,,2656
1984,MS,,,,2446
1983,MS,,,,2985
1982,MS,,,,2354
1981,MS,,,,2704
1980,MS,,,,2860
1979,MS,,,,2987
1978,MS,,,,3052
1977,MS,,,,2822
1976,MS,,,,2899
1975,MS,,,,2406
1974,MS,,,,2274
1973,MS,,,,2457
1972,MS,,,,2483
1971,MS,,,,2463
1970,MS,,,,2844
1969,MS,,,,2879
1968,MS,,,,3050
1967,MS,,,,2501
1966,MS,,,,2779
1965,MS,,,,2466
1964,MS,,,,2630
1963,MS,,,,2960
1962,MS,,,,2678
1961,MS,,,,2609
1960,MS,,,,3032
2022,MT,65653.0,12209.0,68479.0,8821
2021,MT,57919.0,9868.0,62550.0,8203
2020,MT,61080.0,9334.0,65547.0,8300
2019,MT,60957.0,14278.0,65678.0,9290
2018,MT,65560.0,14648.0,70187.0,8739
2017,MT,60108.0,11022.0,64810.0,8448
2016,MT,56933.0,11311.0,61653.0,7890
2015,MT,54987.0,11016.0,59441.0,7708
2014,MT,52018.0,3814.0,55616.0,8613
2013,MT,44604.0,3770.0,48249.0,8569
2012,MT,47751.0,2918.0,51194.0,8008
2011,MT,52967.0,3505.0,56099.0,8868
2010,MT,49138.0,3507.0,51577.0,8712
2009,MT,48228.0,3275.0,50885.0,8948
2008,MT,54880.0,6691.0,57181.0,8959
2007,MT,53921.0,5987.0,55764.0,8199
2006,MT,53477.0,5417.0,54572.0,8106
2005,MT,50835.0,6097.0,51744.0,8455
2004,MT,43020.0,1208.0,43153.0,8312
2003,MT,41954.0,1182.0,42039.0,8327
2002,MT,43959.0,1125.0,44049.0,8989
2001,MT,34795.0,1110.0,34881.0,8270
2000,MT,48460.0,1925.0,48460.0,8651
1999,MT,62847.0,1792.0,62836.0,8112
1998,MT,52877.0,1722.0,52849.0,8276
1997,MT,62159.0,1933.0,62094.0,8774
1996,MT,63002.0,1831.0,62959.0,9544
1995,MT,53403.0,1764.0,53342.0,8784
1994,MT,38247.0,1764.0,38106.0,8421
1993,MT,42671.0,1856.0,42724.0,9448
1992,MT,38588.0,2005.0,38500.0,8171
1991,MT,58291.0,1913.0,58187.0,8607
1990,MT,,,48460.0,8601
1989,MT,,,,9119
1988,MT,,,,8196
1987,MT,,,,8018
1986,MT,,,,8420
1985,MT,,,,9814
1984,MT,,,,9027
1983,MT,,,,8910
1982,MT,,,,9640
1981,MT,,,,8202
1980,MT,,,,8741
1979,MT,,,,9291
1978,MT,,,,9630
1977,MT,,,,8910
1976,MT,,,,8614
1975,MT,,,,9703
1974,MT,,,,8640
1973,MT,,,,8849
1972,MT,,,,9400
1971,MT,,,,9299
1970,MT,,,,9265
1969,MT,,,,9372
1968,MT,,,,9173
1967,MT,,,,8834
1966,MT,,,,8872
1965,MT,,,,9286
1964,MT,,,,9304
1963,MT,,,,8612
1962,MT,,,,8903
1961,MT,,,,8624
1960,MT,,,,9098
2022,NC,181170.0,9501.0,192198.0,3286
2021,NC,182433.0,8385.0,194604.0,3104
2020,NC,187618.0,7922.0,199763.0,2904
2019,NC,174743.0,10630.0,196249.0,3064
2018,NC,172150.0,11717.0,193521.0,3405
2017,NC,159944.0,8981.0,184436.0,2896
2016,NC,152881.0,9975.0,175777.0,3154
2015,NC,133363.0,11452.0,170230.0,3150
2014,NC,140087.0,20574.0,175197.0,3716
2013,NC,147553.0,20320.0,183546.0,3533
2012,NC,129293.0,15846.0,162733.0,2955
2011,NC,132128.0,18651.0,163785.0,3237
2010,NC,128088.0,19215.0,159532.0,3882
2009,NC,115960.0,17882.0,147000.0,3530
2008,NC,123468.0,17756.0,147617.0,3415
2007,NC,93807.0,15816.0,98099.0,3116
2006,NC,111786.0,14270.0,114873.0,3135
2005,NC,109727.0,15905.0,111931.0,3461
2004,NC,103900.0,11039.0,111731.0,3397
2003,NC,133211.0,10750.0,140514.0,3520
2002,NC,101615.0,10174.0,107182.0,3326
2001,NC,109382.0,10020.0,113906.0,3208
2000,NC,114931.0,14575.0,118207.0,3660
1999,NC,114627.0,13572.0,117528.0,3213
1998,NC,120693.0,13220.0,124075.0,3037
1997,NC,126557.0,14834.0,129323.0,3583
1996,NC,130134.0,18706.0,132874.0,3823
1995,NC,130618.0,18014.0,130716.0,3670
1994,NC,137151.0,18007.0,138184.0,3370
1993,NC,122911.0,18966.0,123182.0,3718
1992,NC,119723.0,13175.0,119993.0,3546
1991,NC,96191.0,12559.0,96609.0,3149
1990,NC,,,121053.0,2763
1989,NC,,,,3688
1988,NC,,,,3993
1987,NC,,,,3804
1986,NC,,,,3335
1985,NC,,,,3377
1984,NC,,,,3495
1983,NC,,,,3883
1982,NC,,,,3528
1981,NC,,,,4033
1980,NC,,,,3938
1979,NC,,,,3737
1978,NC,,,,4000
1977,NC,,,,3849
1976,NC,,,,3807
1975,NC,,,,3361
1974,NC,,,,3235
1973,NC,,,,3490
1972,NC,,,,3576
1971,NC,,,,3546
1970,NC,,,,3721
1969,NC,,,,4122
1968,NC,,,,4031
1967,NC,,,,3705
1966,NC,,,,4025
1965,NC,,,,3670
1964,NC,,,,3651
1963,NC,,,,4019
1962,NC,,,,3889
1961,NC,,,,3715
1960,NC,,,,4095
2022,OH,154296.0,21202.0,144632.0,5698
2021,OH,149818.0,18444.0,138807.0,5213
2020,OH,140720.0,17363.0,131072.0,5250
2019,OH,158794.0,24346.0,145043.0,5571
2018,OH,159994.0,24583.0,145834.0,5765
2017,OH,154851.0,20983.0,144058.0,5072
2016,OH,155499.0,21799.0,148002.0,5238
2015,OH,154186.0,24478.0,146779.0,5674
2014,OH,156342.0,27270.0,152610.0,6450
2013,OH,144431.0,26967.0,149023.0,5903
2012,OH,131203.0,21321.0,134404.0,4985
2011,OH,135329.0,24762.0,134243.0,5559
2010,OH,122602.0,25512.0,126291.0,5867
2009,OH,93640.0,23683.0,111222.0,5907
2008,OH,108120.0,24946.0,113691.0,5997
2007,OH,59329.0,22192.0,81539.0,5550
2006,OH,51581.0,19972.0,73079.0,5229
2005,OH,51006.0,22163.0,70260.0,5848
2004,OH,46444.0,17683.0,61983.0,5689
2003,OH,44537.0,17187.0,60214.0,6044
2002,OH,34852.0,16170.0,51832.0,5553
2001,OH,47564.0,15868.0,64850.0,5337
2000,OH,75371.0,11797.0,94967.0,5861
1999,OH,71466.0,11002.0,90671.0,5533
1998,OH,64451.0,10656.0,83194.0,4853
1997,OH,70737.0,11870.0,83483.0,6070
1996,OH,76203.0,17900.0,83243.0,6314
1995,OH,70616.0,17227.0,86216.0,6220
1994,OH,78623.0,17196.0,92928.0,5999
1993,OH,52459.0,18125.0,64688.0,6111
1992,OH,74555.0,34749.0,82355.0,5879
1991,OH,79123.0,33107.0,84217.0,5335
1990,OH,,,,5134
1989,OH,,,,6346
1988,OH,,,,6245
1987,OH,,,,5564
1986,OH,,,,5655
1985,OH,,,,5982
1984,OH,,,,6069
1983,OH,,,,5999
1982,OH,,,,6012
1981,OH,,,,6311
1980,OH,,,,6551
1979,OH,,,,6462
1978,OH,,,,6839
1977,OH,,,,6312
1976,OH,,,,6464
1975,OH,,,,5839
1974,OH,,,,5937
1973,OH,,,,5510
1972,OH,,,,6347
1971,OH,,,,6017
1970,OH,,,,6119
1969,OH,,,,6412
1968,OH,,,,6300
1967,OH,,,,6220
1966,OH,,,,6468
1965,OH,,,,6029
1964,OH,,,,5898
1963,OH,,,,6603
1962,OH,,,,6407
1961,OH,,,,6173
1960,OH,,,,6454
2022,OK,182276.0,3746.0,188573.0,3669
2021,OK,159221.0,2935.0,173942.0,3346
2020,OK,149559.0,2587.0,163061.0,3264
2019,OK,151113.0,4445.0,166037.0,3742
2018,OK,140990.0,4274.0,156755.0,3827
2017,OK,125923.0,2664.0,142171.0,2922
2016,OK,111740.0,3103.0,128552.0,3039
2015,OK,88563.0,4028.0,104506.0,3414
2014,OK,81514.0,6374.0,96417.0,3949
2013,OK,83210.0,6298.0,96281.0,4000
2012,OK,62854.0,4836.0,78764.0,2868
2011,OK,56106.0,5773.0,69912.0,3595
2010,OK,54040.0,5950.0,66382.0,3777
2009,OK,41925.0,5548.0,52897.0,3681
2008,OK,35640.0,3522.0,48202.0,3675
2007,OK,42494.0,3147.0,50786.0,3541
2006,OK,35125.0,2846.0,39644.0,3018
2005,OK,38418.0,3204.0,42340.0,3358
2004,OK,38618.0,3172.0,38712.0,3343
2003,OK,29515.0,3104.0,29563.0,3613
2002,OK,27475.0,2958.0,27533.0,3748
2001,OK,32162.0,2923.0,32198.0,3494
2000,OK,31931.0,3158.0,31931.0,3703
1999,OK,33680.0,2946.0,33680.0,3082
1998,OK,36785.0,2879.0,36785.0,3382
1997,OK,35316.0,3230.0,35316.0,3830
1996,OK,36724.0,6667.0,36724.0,3888
1995,OK,34109.0,6426.0,34109.0,3628
1994,OK,32764.0,6428.0,32764.0,3610
1993,OK,37904.0,6768.0,37904.0,4170
1992,OK,30828.0,4977.0,30828.0,3394
1991,OK,27715.0,4748.0,27715.0,3502
1990,OK,,,,3360
1989,OK,,,,3975
1988,OK,,,,3865
1987,OK,,,,3655
1986,OK,,,,3429
1985,OK,,,,4112
1984,OK,,,,3771
1983,OK,,,,4298
1982,OK,,,,3844
1981,OK,,,,3510
1980,OK,,,,3852
1979,OK,,,,4384
1978,OK,,,,4418
1977,OK,,,,3658
1976,OK,,,,3807
1975,OK,,,,3799
1974,OK,,,,3573
1973,OK,,,,3732
1972,OK,,,,3909
1971,OK,,,,3672
1970,OK,,,,3974
1969,OK,,,,3944
1968,OK,,,,4021
1967,OK,,,,3500
1966,OK,,,,3920
1965,OK,,,,3492
1964,OK,,,,3665
1963,OK,,,,3817
1962,OK,,,,3788
1961,OK,,,,3873
1960,OK,,,,4144
2022,OR,219920.0,21091.0,247484.0,5291
2021,OR,211626.0,19592.0,232754.0,5068
2020,OR,222489.0,19170.0,242400.0,5042
2019,OR,217800.0,29287.0,237262.0,5426
2018,OR,237466.0,26350.0,253230.0,5057
2017,OR,240020.0,24345.0,255735.0,5370
2016,OR,223209.0,22901.0,238210.0,4883
2015,OR,213447.0,22559.0,226237.0,4495
2014,OR,222513.0,20116.0,232220.0,4740
2013,OR,213316.0,19834.0,221913.0,5419
2012,OR,218619.0,15566.0,227925.0,5425
2011,OR,220185.0,18218.0,229596.0,5857
2010,OR,179846.0,18645.0,187672.0,5399
2009,OR,183792.0,17438.0,191183.0,5567
2008,OR,180012.0,12299.0,184457.0,5730
2007,OR,171426.0,11022.0,176655.0,5494
2006,OR,180642.0,9916.0,185689.0,5272
2005,OR,155361.0,10908.0,159529.0,5261
2004,OR,162061.0,16344.0,164444.0,5018
2003,OR,158285.0,15976.0,160519.0,5013
2002,OR,165419.0,15204.0,168348.0,5326
2001,OR,151082.0,14987.0,152624.0,5365
2000,OR,177442.0,9494.0,178605.0,5468
1999,OR,198266.0,8857.0,199304.0,5471
1998,OR,183478.0,8516.0,184703.0,5282
1997,OR,212960.0,9467.0,212960.0,5232
1996,OR,206337.0,10955.0,206337.0,5390
1995,OR,185887.0,10511.0,185887.0,5002
1994,OR,152449.0,10455.0,152449.0,5336
1993,OR,166797.0,10942.0,169830.0,5702
1992,OR,154400.0,9055.0,156161.0,4647
1991,OR,196028.0,8620.0,196028.0,5370
1990,OR,,,,5514
1989,OR,,,,5532
1988,OR,,,,5306
1987,OR,,,,5026
1986,OR,,,,5169
1985,OR,,,,6232
1984,OR,,,,5793
1983,OR,,,,5440
1982,OR,,,,5884
1981,OR,,,,5287
1980,OR,,,,5538
1979,OR,,,,5465
1978,OR,,,,5570
1977,OR,,,,5601
1976,OR,,,,5723
1975,OR,,,,5832
1974,OR,,,,5546
1973,OR,,,,5498
1972,OR,,,,5753
1971,OR,,,,6056
1970,OR,,,,5607
1969,OR,,,,5702
1968,OR,,,,5472
1967,OR,,,,5382
1966,OR,,,,5385
1965,OR,,,,5475
1964,OR,,,,6015
1963,OR,,,,5604
1962,OR,,,,5709
1961,OR,,,,5422
1960,OR,,,,5688
2022,PA,155006.0,30875.0,184808.0,5707
2021,PA,147335.0,25904.0,176687.0,5231
2020,PA,144569.0,25432.0,173403.0,5186
2019,PA,161400.0,36421.0,194234.0,5590
2018,PA,173115.0,38090.0,204632.0,5760
2017,PA,163435.0,30478.0,199016.0,5253
2016,PA,160530.0,30760.0,194704.0,5375
2015,PA,163338.0,37280.0,198268.0,5705
2014,PA,157635.0,30036.0,192757.0,6290
2013,PA,162543.0,29671.0,197364.0,5832
2012,PA,140410.0,23229.0,175668.0,5011
2011,PA,146121.0,27191.0,182675.0,5458
2010,PA,132136.0,27896.0,163922.0,5625
2009,PA,105012.0,25894.0,141945.0,5864
2008,PA,96738.0,18437.0,126094.0,5800
2007,PA,88952.0,16432.0,104390.0,5661
2006,PA,86766.0,14802.0,98779.0,5190
2005,PA,87643.0,16400.0,93044.0,5873
2004,PA,87507.0,14564.0,95159.0,5759
2003,PA,86730.0,14156.0,87398.0,6150
2002,PA,81262.0,13418.0,81861.0,5531
2001,PA,84228.0,13213.0,85729.0,5508
2000,PA,97972.0,14298.0,99079.0,5909
1999,PA,95979.0,13360.0,96960.0,5577
1998,PA,94386.0,13026.0,95530.0,4930
1997,PA,99363.0,14574.0,104346.0,6032
1996,PA,110221.0,25086.0,114722.0,6263
1995,PA,99282.0,24152.0,105281.0,6094
1994,PA,93125.0,24127.0,95054.0,6165
1993,PA,88372.0,25378.0,89126.0,6115
1992,PA,89723.0,29260.0,89723.0,6124
1991,PA,76757.0,27896.0,76757.0,5392
1990,PA,,,,5151
1989,PA,,,,6323
1988,PA,,,,6298
1987,PA,,,,5878
1986,PA,,,,5883
1985,PA,,,,5851
1984,PA,,,,6029
1983,PA,,,,6021
1982,PA,,,,6080
1981,PA,,,,6310
1980,PA,,,,6411
1979,PA,,,,6201
1978,PA,,,,6654
1977,PA,,,,6216
1976,PA,,,,6425
1975,PA,,,,5856
1974,PA,,,,5945
1973,PA,,,,5652
1972,PA,,,,6359
1971,PA,,,,6081
1970,PA,,,,6241
1969,PA,,,,6332
1968,PA,,,,6323
1967,PA,,,,6457
1966,PA,,,,6450
1965,PA,,,,6251
1964,PA,,,,6107
1963,PA,,,,6556
1962,PA,,,,6501
1961,PA,,,,6294
1960,PA,,,,6402
2022,RI,7615.0,1719.0,10914.0,5413
2021,RI,7012.0,1374.0,9682.0,5220
2020,RI,7323.0,1374.0,9835.0,5184
2019,RI,6356.0,2043.0,9395.0,5841
2018,RI,5030.0,1498.0,8414.0,5639
2017,RI,4689.0,1540.0,8290.0,5428
2016,RI,4276.0,1541.0,7843.0,5354
2015,RI,4646.0,1938.0,8229.0,5880
2014,RI,4208.0,1708.0,7689.0,6021
2013,RI,2580.0,1688.0,5983.0,5827
2012,RI,2848.0,1316.0,5900.0,5005
2011,RI,3568.0,1624.0,6795.0,5479
2010,RI,3662.0,1561.0,7118.0,5434
2009,RI,3517.0,1455.0,7370.0,5961
2008,RI,2913.0,714.0,6254.0,5735
2007,RI,2731.0,634.0,6349.0,5869
2006,RI,2570.0,572.0,5370.0,5320
2005,RI,831.0,634.0,1875.0,6092
2004,RI,3807.0,2136.0,4497.0,6113
2003,RI,3745.0,2087.0,3785.0,6347
2002,RI,3673.0,1985.0,3710.0,5603
2001,RI,3875.0,1959.0,3876.0,5570
2000,RI,4486.0,2430.0,4486.0,6003
1999,RI,4360.0,2262.0,4360.0,5466
1998,RI,4137.0,2203.0,4137.0,5237
1997,RI,4295.0,2476.0,4295.0,6082
1996,RI,5490.0,3452.0,5490.0,6186
1995,RI,5015.0,3326.0,5015.0,6003
1994,RI,5001.0,3327.0,5001.0,6143
1993,RI,5116.0,3503.0,5116.0,6195
1992,RI,4770.0,3377.0,4770.0,6326
1991,RI,4515.0,3219.0,4515.0,5475
1990,RI,,,,5382
1989,RI,,,,6429
1988,RI,,,,6336
1987,RI,,,,6149
1986,RI,,,,6108
1985,RI,,,,6130
1984,RI,,,,5995
1983,RI,,,,5920
1982,RI,,,,6274
1981,RI,,,,6320
1980,RI,,,,6466
1979,RI,,,,5954
1978,RI,,,,6729
1977,RI,,,,6184
1976,RI,,,,6458
1975,RI,,,,5932
1974,RI,,,,6177
1973,RI,,,,5695
1972,RI,,,,6514
1971,RI,,,,6265
1970,RI,,,,6509
1969,RI,,,,6315
1968,RI,,,,6432
1967,RI,,,,6659
1966,RI,,,,6344
1965,RI,,,,6507
1964,RI,,,,6266
1963,RI,,,,6472
1962,RI,,,,6719
1961,RI,,,,6379
1960,RI,,,,6365
2022,ND,163116.0,1234.0,97751.0,9856
2021,ND,163208.0,944.0,93479.0,8373
2020,ND,142724.0,941.0,90510.0,8860
2019,ND,132333.0,1116.0,85438.0,10201
2018,ND,129993.0,1111.0,84143.0,9658
2017,ND,131210.0,1121.0,85132.0,8828
2016,ND,103943.0,1176.0,67080.0,8003
2015,ND,90946.0,1056.0,58988.0,8350
2014,ND,85175.0,1067.0,57967.0,9812
2013,ND,80205.0,1060.0,53056.0,10045
2012,ND,80223.0,938.0,52191.0,8172
2011,ND,83064.0,980.0,53464.0,9288
2010,ND,70208.0,1010.0,45071.0,9145
2009,ND,56759.0,920.0,35867.0,9959
2008,ND,39739.0,766.0,24528.0,9782
2007,ND,31526.0,664.0,19887.0,8991
2006,ND,13784.0,577.0,13501.0,8278
2005,ND,13110.0,582.0,12557.0,8688
2004,ND,14297.0,1405.0,12511.0,9178
2003,ND,14191.0,1361.0,12237.0,9312
2002,ND,12637.0,1261.0,10991.0,9242
2001,ND,11443.0,1233.0,10285.0,8749
2000,ND,12858.0,1265.0,11741.0,9128
1999,ND,13829.0,1183.0,12906.0,8434
1998,ND,12791.0,1142.0,11747.0,8449
1997,ND,15889.0,1269.0,15086.0,9376
1996,ND,14531.0,1607.0,14272.0,10791
1995,ND,14029.0,1546.0,12956.0,9714
1994,ND,11764.0,1540.0,10675.0,9443
1993,ND,9561.0,1625.0,8499.0,9908
1992,ND,10473.0,1929.0,9616.0,8916
1991,ND,10866.0,1836.0,9772.0,8824
1990,ND,10208.0,,9193.0,8627
1989,ND,,,,9869
1988,ND,,,,9016
1987,ND,,,,7783
1986,ND,,,,8871
1985,ND,,,,10018
1984,ND,,,,9232
1983,ND,,,,9307
1982,ND,,,,10206
1981,ND,,,,8386
1980,ND,,,,9135
1979,ND,,,,10513
1978,ND,,,,10178
1977,ND,,,,9187
1976,ND,,,,9214
1975,ND,,,,9690
1974,ND,,,,9575
1973,ND,,,,8895
1972,ND,,,,10331
1971,ND,,,,9815
1970,ND,,,,10187
1969,ND,,,,9984
1968,ND,,,,9553
1967,ND,,,,9731
1966,ND,,,,10244
1965,ND,,,,10279
1964,ND,,,,9584
1963,ND,,,,8951
1962,ND,,,,9524
1961,ND,,,,9290
1960,ND,,,,9731
2022,NE,327330.0,2265.0,168639.0,6403
2021,NE,316439.0,2315.0,158263.0,5825
2020,NE,285098.0,2286.0,145728.0,6049
2019,NE,324704.0,3637.0,156693.0,6863
2018,NE,320007.0,3348.0,150870.0,6816
2017,NE,317718.0,2360.0,148750.0,5807
2016,NE,303787.0,2765.0,141423.0,5557
2015,NE,288409.0,2923.0,135818.0,5780
2014,NE,283984.0,3496.0,132152.0,6694
2013,NE,260223.0,3459.0,120479.0,6718
2012,NE,257929.0,2771.0,117463.0,5356
2011,NE,281007.0,3552.0,127726.0,6497
2010,NE,269408.0,3104.0,122683.0,6473
2009,NE,173659.0,2881.0,81781.0,6686
2008,NE,173420.0,2736.0,81198.0,6896
2007,NE,126304.0,2434.0,60567.0,6251
2006,NE,95559.0,2187.0,47746.0,5647
2005,NE,88457.0,2419.0,45336.0,5924
2004,NE,85344.0,3169.0,45858.0,6000
2003,NE,67120.0,3087.0,38720.0,6245
2002,NE,62937.0,2915.0,36751.0,6259
2001,NE,62354.0,2874.0,35615.0,5999
2000,NE,57269.0,2876.0,33498.0,6214
1999,NE,56059.0,2678.0,32897.0,5729
1998,NE,53159.0,2603.0,31247.0,5876
1997,NE,51014.0,2916.0,30558.0,6551
1996,NE,42234.0,3730.0,27325.0,7178
1995,NE,37083.0,3591.0,23542.0,6577
1994,NE,20292.0,3588.0,15661.0,6373
1993,NE,15413.0,3775.0,13949.0,7203
1992,NE,12166.0,4481.0,13687.0,6041
1991,NE,10274.0,4270.0,12098.0,6176
1990,NE,,,11735.0,6007
1989,NE,,,,6707
1988,NE,,,,6340
1987,NE,,,,5682
1986,NE,,,,5975
1985,NE,,,,7030
1984,NE,,,,6653
1983,NE,,,,7072
1982,NE,,,,7072
1981,NE,,,,5934
1980,NE,,,,6492
1979,NE,,,,7337
1978,NE,,,,7547
1977,NE,,,,6276
1976,NE,,,,6474
1975,NE,,,,6854
1974,NE,,,,6334
1973,NE,,,,6491
1972,NE,,,,6944
1971,NE,,,,6653
1970,NE,,,,6781
1969,NE,,,,7147
1968,NE,,,,6669
1967,NE,,,,6530
1966,NE,,,,6923
1965,NE,,,,6759
1964,NE,,,,6485
1963,NE,,,,6387
1962,NE,,,,6743
1961,NE,,,,6861
1960,NE,,,,7221
2022,NH,34320.0,10386.0,39952.0,7065
2021,NH,33153.0,8556.0,38801.0,6788
2020,NH,33157.0,8687.0,38691.0,6906
2019,NH,44889.0,13890.0,51278.0,7725
2018,NH,45495.0,12990.0,51985.0,7426
2017,NH,48776.0,11503.0,55717.0,7100
2016,NH,46807.0,10394.0,53361.0,6921
2015,NH,51195.0,14069.0,57464.0,7599
2014,NH,44518.0,9606.0,50712.0,7795
2013,NH,41707.0,9483.0,47861.0,7470
2012,NH,35691.0,7284.0,41332.0,6587
2011,NH,35579.0,8688.0,41474.0,7185
2010,NH,35279.0,8952.0,41340.0,6831
2009,NH,34299.0,8344.0,38836.0,7761
2008,NH,29295.0,3722.0,33042.0,7534
2007,NH,26615.0,3323.0,30245.0,7671
2006,NH,23154.0,3004.0,26072.0,6864
2005,NH,29439.0,3372.0,30635.0,7597
2004,NH,26233.0,2693.0,26237.0,7716
2003,NH,20912.0,2618.0,20914.0,8041
2002,NH,21182.0,2489.0,21184.0,7285
2001,NH,23330.0,2454.0,23331.0,7273
2000,NH,28931.0,3020.0,28931.0,7688
1999,NH,29290.0,2810.0,29290.0,7060
1998,NH,29751.0,2735.0,29751.0,6748
1997,NH,31253.0,3074.0,31253.0,7958
1996,NH,34337.0,4220.0,34337.0,7800
1995,NH,30028.0,4066.0,30028.0,7749
1994,NH,30267.0,4056.0,30267.0,7934
1993,NH,32719.0,4270.0,32719.0,7937
1992,NH,32553.0,4080.0,32553.0,8093
1991,NH,29759.0,3889.0,29759.0,7211
1990,NH,,,,7108
1989,NH,,,,8185
1988,NH,,,,7967
1987,NH,,,,7746
1986,NH,,,,7799
1985,NH,,,,7922
1984,NH,,,,7650
1983,NH,,,,7494
1982,NH,,,,8056
1981,NH,,,,7731
1980,NH,,,,8236
1979,NH,,,,7599
1978,NH,,,,8376
1977,NH,,,,7828
1976,NH,,,,8230
1975,NH,,,,7709
1974,NH,,,,7969
1973,NH,,,,7382
1972,NH,,,,8385
1971,NH,,,,8038
1970,NH,,,,8050
1969,NH,,,,7865
1968,NH,,,,8172
1967,NH,,,,8309
1966,NH,,,,8002
1965,NH,,,,8147
1964,NH,,,,8017
1963,NH,,,,8138
1962,NH,,,,8355
1961,NH,,,,7873
1960,NH,,,,7902
2022,NJ,33259.0,9861.0,64998.0,5082
2021,NJ,31232.0,8276.0,63114.0,4757
2020,NJ,30746.0,8068.0,59659.0,4615
2019,NJ,30656.0,8407.0,66311.0,5090
2018,NJ,31667.0,8087.0,67409.0,5192
2017,NJ,30393.0,6987.0,68640.0,4777
2016,NJ,33453.0,6640.0,72286.0,4842
2015,NJ,32843.0,6579.0,69235.0,5185
2014,NJ,42333.0,15748.0,79251.0,5630
2013,NJ,39754.0,15279.0,76177.0,5259
2012,NJ,35246.0,12160.0,69207.0,4450
2011,NJ,34455.0,13791.0,70167.0,4889
2010,NJ,34835.0,13958.0,71776.0,5018
2009,NJ,32290.0,12993.0,64830.0,5301
2008,NJ,22398.0,3493.0,49654.0,5162
2007,NJ,20010.0,3219.0,52226.0,5154
2006,NJ,21420.0,2929.0,47140.0,4625
2005,NJ,19511.0,2919.0,28894.0,5401
2004,NJ,26835.0,10021.0,27208.0,5288
2003,NJ,26325.0,9629.0,26423.0,5700
2002,NJ,28506.0,8944.0,28604.0,4975
2001,NJ,28837.0,8551.0,29874.0,5034
2000,NJ,40148.0,9035.0,40916.0,5411
1999,NJ,39706.0,8456.0,40356.0,5061
1998,NJ,38653.0,8238.0,39413.0,4545
1997,NJ,39140.0,9151.0,40109.0,5476
1996,NJ,41077.0,15683.0,41931.0,5684
1995,NJ,43128.0,15093.0,44140.0,5526
1994,NJ,41317.0,15071.0,41646.0,5593
1993,NJ,36842.0,15806.0,36935.0,5606
1992,NJ,38434.0,18283.0,38434.0,5672
1991,NJ,35811.0,17422.0,35811.0,4891
1990,NJ,,,,4686
1989,NJ,,,,5785
1988,NJ,,,,5854
1987,NJ,,,,5500
1986,NJ,,,,5429
1985,NJ,,,,5361
1984,NJ,,,,5503
1983,NJ,,,,5469
1982,NJ,,,,5634
1981,NJ,,,,5769
1980,NJ,,,,5863
1979,NJ,,,,5577
1978,NJ,,,,6122
1977,NJ,,,,5677
1976,NJ,,,,5873
1975,NJ,,,,5289
1974,NJ,,,,5469
1973,NJ,,,,5188
1972,NJ,,,,5871
1971,NJ,,,,5613
1970,NJ,,,,5851
1969,NJ,,,,5839
1968,NJ,,,,5843
1967,NJ,,,,6056
1966,NJ,,,,5911
1965,NJ,,,,5861
1964,NJ,,,,5633
1963,NJ,,,,5990
1962,NJ,,,,6026
1961,NJ,,,,5846
1960,NJ,,,,5848
2022,NM,78407.0,12136.0,82042.0,4584
2021,NM,55085.0,9472.0,65917.0,4187
2020,NM,42880.0,8666.0,53016.0,4166
2019,NM,45801.0,14017.0,56832.0,4575
2018,NM,40479.0,11813.0,50530.0,4264
2017,NM,31405.0,8509.0,42108.0,3779
2016,NM,27558.0,9566.0,37525.0,4134
2015,NM,21304.0,9258.0,31417.0,4332
2014,NM,23315.0,8358.0,29756.0,4293
2013,NM,22757.0,8222.0,29494.0,4793
2012,NM,20199.0,6323.0,27872.0,4112
2011,NM,20529.0,7536.0,27820.0,4652
2010,NM,20544.0,7622.0,26796.0,4597
2009,NM,19439.0,7105.0,21700.0,4468
2008,NM,22764.0,10058.0,24091.0,4625
2007,NM,22012.0,8995.0,21251.0,4529
2006,NM,19925.0,8163.0,18925.0,4366
2005,NM,17746.0,9185.0,17270.0,4339
2004,NM,8017.0,2433.0,7406.0,4613
2003,NM,7182.0,2428.0,6370.0,4198
2002,NM,6901.0,2361.0,6398.0,4569
2001,NM,6384.0,2376.0,6268.0,4489
2000,NM,7701.0,4002.0,9109.0,4336
1999,NM,7311.0,3800.0,8572.0,4324
1998,NM,6862.0,3752.0,8439.0,4595
1997,NM,7265.0,4179.0,8002.0,4884
1996,NM,6121.0,3801.0,7129.0,4364
1995,NM,7251.0,3692.0,7966.0,4369
1994,NM,7131.0,3697.0,6686.0,4565
1993,NM,7640.0,3857.0,6812.0,4737
1992,NM,7487.0,4032.0,7541.0,4923
1991,NM,7473.0,3868.0,7678.0,4881
1990,NM,,,,4778
1989,NM,,,,4473
1988,NM,,,,4880
1987,NM,,,,5102
1986,NM,,,,4562
1985,NM,,,,4843
1984,NM,,,,4992
1983,NM,,,,4995
1982,NM,,,,4951
1981,NM,,,,4400
1980,NM,,,,4780
1979,NM,,,,5127
1978,NM,,,,4737
1977,NM,,,,4743
1976,NM,,,,5143
1975,NM,,,,5258
1974,NM,,,,4890
1973,NM,,,,5254
1972,NM,,,,4722
1971,NM,,,,5054
1970,NM,,,,5093
1969,NM,,,,4846
1968,NM,,,,5069
1967,NM,,,,4750
1966,NM,,,,5008
1965,NM,,,,4880
1964,NM,,,,5369
1963,NM,,,,4732
1962,NM,,,,4729
1961,NM,,,,5086
1960,NM,,,,5143
2022,NV,61432.0,7463.0,73314.0,3502
2021,NV,52692.0,6122.0,64218.0,3284
2020,NV,48030.0,5483.0,58350.0,3274
2019,NV,47550.0,5910.0,59315.0,3770
2018,NV,43757.0,5363.0,55402.0,3290
2017,NV,39960.0,4241.0,51426.0,3101
2016,NV,36292.0,4059.0,47415.0,3185
2015,NV,30886.0,3620.0,40767.0,3076
2014,NV,27666.0,3552.0,36352.0,2912
2013,NV,27202.0,3448.0,34753.0,3631
2012,NV,23286.0,2926.0,30416.0,3196
2011,NV,20779.0,3150.0,28572.0,3823
2010,NV,20517.0,3206.0,28045.0,3654
2009,NV,19475.0,3035.0,26987.0,3588
2008,NV,16536.0,3310.0,23153.0,3589
2007,NV,16231.0,2990.0,20651.0,3396
2006,NV,16195.0,2719.0,19830.0,3568
2005,NV,14926.0,2842.0,18638.0,3462
2004,NV,15071.0,3188.0,18752.0,3486
2003,NV,14619.0,3122.0,18199.0,3342
2002,NV,16458.0,2984.0,19522.0,3532
2001,NV,17700.0,2918.0,20294.0,3460
2000,NV,18930.0,4228.0,21320.0,3376
1999,NV,20065.0,3897.0,22270.0,3350
1998,NV,21196.0,3711.0,22416.0,3901
1997,NV,19826.0,4035.0,19826.0,3423
1996,NV,17338.0,3288.0,17338.0,3263
1995,NV,16204.0,3133.0,17257.0,3248
1994,NV,15814.0,3086.0,15814.0,3658
1993,NV,16359.0,3222.0,17150.0,3806
1992,NV,14900.0,3072.0,15561.0,3513
1991,NV,15355.0,2911.0,15903.0,3695
1990,NV,,,,3726
1989,NV,,,,3455
1988,NV,,,,3542
1987,NV,,,,3660
1986,NV,,,,3197
1985,NV,,,,3935
1984,NV,,,,3872
1983,NV,,,,3708
1982,NV,,,,4066
1981,NV,,,,3240
1980,NV,,,,3401
1979,NV,,,,3858
1978,NV,,,,3722
1977,NV,,,,3551
1976,NV,,,,3659
1975,NV,,,,4031
1974,NV,,,,3764
1973,NV,,,,3914
1972,NV,,,,3841
1971,NV,,,,4126
1970,NV,,,,3834
1969,NV,,,,3778
1968,NV,,,,3664
1967,NV,,,,3838
1966,NV,,,,3700
1965,NV,,,,3794
1964,NV,,,,4152
1963,NV,,,,3736
1962,NV,,,,3709
1961,NV,,,,3851
1960,NV,,,,3856
2022,NY,220740.0,33130.0,270685.0,5849
2021,NY,218204.0,29379.0,268061.0,5517
2020,NY,220498.0,27655.0,262830.0,5476
2019,NY,246309.0,40718.0,292472.0,6125
2018,NY,241223.0,39439.0,287805.0,6038
2017,NY,240778.0,32781.0,283919.0,5605
2016,NY,227550.0,33100.0,268705.0,5540
2015,NY,227757.0,39677.0,267163.0,6060
2014,NY,212086.0,24485.0,251855.0,6379
2013,NY,204370.0,23898.0,241635.0,6081
2012,NY,190141.0,18668.0,229778.0,5158
2011,NY,204683.0,22160.0,243937.0,5743
2010,NY,187869.0,22294.0,227403.0,5719
2009,NY,180061.0,20796.0,219834.0,6216
2008,NY,219108.0,56596.0,248382.0,6020
2007,NY,194800.0,50565.0,223449.0,6063
2006,NY,196343.0,45723.0,219256.0,5463
2005,NY,194959.0,51246.0,203675.0,6222
2004,NY,199633.0,61068.0,224189.0,6222
2003,NY,194140.0,59504.0,196144.0,6551
2002,NY,194025.0,56530.0,194476.0,5792
2001,NY,190812.0,55686.0,191259.0,5767
2000,NY,260001.0,83132.0,261307.0,6292
1999,NY,250461.0,77245.0,251643.0,5808
1998,NY,259886.0,75271.0,261254.0,5334
1997,NY,282909.0,84615.0,284752.0,6365
1996,NY,238701.0,54929.0,240615.0,6492
1995,NY,211900.0,52852.0,214169.0,6311
1994,NY,217354.0,52797.0,218065.0,6477
1993,NY,218218.0,55544.0,218505.0,6517
1992,NY,200666.0,42192.0,200666.0,6546
1991,NY,188187.0,40206.0,188187.0,5646
1990,NY,,,,5538
1989,NY,,,,6650
1988,NY,,,,6527
1987,NY,,,,6215
1986,NY,,,,6221
1985,NY,,,,6281
1984,NY,,,,6271
1983,NY,,,,6211
1982,NY,,,,6474
1981,NY,,,,6504
1980,NY,,,,6750
1979,NY,,,,6382
1978,NY,,,,6948
1977,NY,,,,6457
1976,NY,,,,6767
1975,NY,,,,6138
1974,NY,,,,6451
1973,NY,,,,5960
1972,NY,,,,6807
1971,NY,,,,6491
1970,NY,,,,6670
1969,NY,,,,6595
1968,NY,,,,6659
1967,NY,,,,6791
1966,NY,,,,6644
1965,NY,,,,6660
1964,NY,,,,6355
1963,NY,,,,6788
1962,NY,,,,6821
1961,NY,,,,6549
1960,NY,,,,6551
