stateId,year,hdd
SC,2022,2502
SC,2021,2373
SC,2020,2164
SC,2019,2336
SC,2018,2612
SC,2017,2089
SC,2016,2391
SC,2015,2366
SC,2014,2938
SC,2013,2708
SC,2012,2189
SC,2011,2515
SC,2010,3211
SC,2009,2767
SC,2008,2659
SC,2007,2350
SC,2006,2388
SC,2005,2684
SC,2004,2643
SC,2003,2744
SC,2002,2591
SC,2001,2427
SC,2000,2918
SC,1999,2472
SC,1998,2311
SC,1997,2685
SC,1996,2971
SC,1995,2832
SC,1994,2536
SC,1993,2930
SC,1992,2746
SC,1991,2442
SC,1990,2053
SC,1989,2753
SC,1988,3103
SC,1987,2942
SC,1986,2490
SC,1985,2626
SC,1984,2676
SC,1983,3147
SC,1982,2623
SC,1981,3182
SC,1980,3129
SC,1979,2929
SC,1978,3126
SC,1977,3048
SC,1976,2995
SC,1975,2529
SC,1974,2398
SC,1973,2724
SC,1972,2637
SC,1971,2731
SC,1970,2934
SC,1969,3297
SC,1968,3285
SC,1967,2784
SC,1966,3145
SC,1965,2803
SC,1964,2882
SC,1963,3188
SC,1962,3028
SC,1961,2856
SC,1960,3287
SD,2022,7954
SD,2021,7036
SD,2020,7376
SD,2019,8627
SD,2018,8202
SD,2017,7218
SD,2016,6806
SD,2015,7002
SD,2014,8178
SD,2013,8285
SD,2012,6568
SD,2011,7885
SD,2010,7737
SD,2009,8099
SD,2008,8267
SD,2007,7421
SD,2006,6917
SD,2005,7158
SD,2004,7187
SD,2003,7529
SD,2002,7605
SD,2001,7458
SD,2000,7563
SD,1999,6865
SD,1998,7067
SD,1997,7969
SD,1996,8896
SD,1995,8007
SD,1994,7802
SD,1993,8531
SD,1992,7397
SD,1991,7362
SD,1990,7214
SD,1989,8150
SD,1988,7635
SD,1987,6660
SD,1986,7453
SD,1985,8487
SD,1984,7908
SD,1983,8151
SD,1982,8452
SD,1981,6976
SD,1980,7586
SD,1979,8670
SD,1978,8835
SD,1977,7735
SD,1976,7709
SD,1975,8222
SD,1974,7559
SD,1973,7596
SD,1972,8589
SD,1971,8209
SD,1970,8414
SD,1969,8415
SD,1968,7945
SD,1967,7922
SD,1966,8391
SD,1965,8274
SD,1964,7874
SD,1963,7520
SD,1962,7995
SD,1961,7977
SD,1960,8387
AK,2022,10035
AK,2021,10976
AK,2020,10781
AK,2019,8998
AK,2018,9632
AK,2017,10451
AK,2016,9286
AK,2015,9810
AK,2014,9582
AK,2013,10397
AK,2012,11702
AK,2011,10909
AK,2010,10624
AK,2009,11023
AK,2008,11628
AK,2007,10813
AK,2006,11267
AK,2005,10098
AK,2004,10296
AK,2003,10163
AK,2002,9959
AK,2001,10598
AK,2000,10363
AK,1999,11591
AK,1998,10527
AK,1997,9956
AK,1996,11064
AK,1995,10047
AK,1994,10379
AK,1993,9451
AK,1992,10769
AK,1991,10266
AK,1990,10961
AK,1989,10622
AK,1988,10008
AK,1987,9766
AK,1986,9804
AK,1985,10619
AK,1984,9667
AK,1983,10194
AK,1982,11339
AK,1981,9557
AK,1980,10654
AK,1979,9525
AK,1978,9219
AK,1977,9481
AK,1976,10447
AK,1975,11382
AK,1974,10770
AK,1973,11753
AK,1972,12106
AK,1971,11935
AK,1970,10219
AK,1969,9964
AK,1968,10724
AK,1967,10607
AK,1966,11681
AK,1965,10656
AK,1964,11603
AK,1963,10364
AK,1962,10766
AK,1961,11413
AK,1960,10249
AL,2022,2612
AL,2021,2396
AL,2020,2284
AL,2019,2398
AL,2018,2694
AL,2017,2129
AL,2016,2353
AL,2015,2427
AL,2014,3134
AL,2013,2825
AL,2012,2209
AL,2011,2667
AL,2010,3318
AL,2009,2798
AL,2008,2808
AL,2007,2521
AL,2006,2534
AL,2005,2691
AL,2004,2637
AL,2003,2806
AL,2002,2774
AL,2001,2656
AL,2000,2802
AL,1999,2458
AL,1998,2415
AL,1997,2854
AL,1996,3004
AL,1995,2871
AL,1994,2607
AL,1993,3028
AL,1992,2818
AL,1991,2552
AL,1990,2234
AL,1989,2916
AL,1988,3042
AL,1987,2806
AL,1986,2611
AL,1985,2900
AL,1984,2750
AL,1983,3278
AL,1982,2622
AL,1981,3126
AL,1980,3174
AL,1979,3184
AL,1978,3317
AL,1977,3161
AL,1976,3275
AL,1975,2687
AL,1974,2517
AL,1973,2742
AL,1972,2725
AL,1971,2803
AL,1970,3112
AL,1969,3285
AL,1968,3371
AL,1967,2793
AL,1966,3071
AL,1965,2766
AL,1964,2931
AL,1963,3265
AL,1962,2992
AL,1961,2888
AL,1960,3347
AR,2022,3508
AR,2021,3254
AR,2020,3190
AR,2019,3454
AR,2018,3623
AR,2017,2761
AR,2016,2990
AR,2015,3326
AR,2014,3974
AR,2013,3747
AR,2012,2751
AR,2011,3369
AR,2010,3724
AR,2009,3552
AR,2008,3654
AR,2007,3226
AR,2006,3051
AR,2005,3180
AR,2004,3199
AR,2003,3493
AR,2002,3546
AR,2001,3322
AR,2000,3565
AR,1999,3002
AR,1998,3083
AR,1997,3670
AR,1996,3770
AR,1995,3503
AR,1994,3372
AR,1993,3962
AR,1992,3369
AR,1991,3308
AR,1990,3066
AR,1989,3753
AR,1988,3757
AR,1987,3432
AR,1986,3296
AR,1985,3768
AR,1984,3524
AR,1983,4085
AR,1982,3604
AR,1981,3546
AR,1980,3855
AR,1979,4143
AR,1978,4185
AR,1977,3690
AR,1976,3734
AR,1975,3543
AR,1974,3317
AR,1973,3407
AR,1972,3650
AR,1971,3439
AR,1970,3791
AR,1969,3810
AR,1968,3947
AR,1967,3381
AR,1966,3762
AR,1965,3336
AR,1964,3463
AR,1963,3721
AR,1962,3666
AR,1961,3656
AR,1960,4050
AZ,2022,2061
AZ,2021,1723
AZ,2020,1834
AZ,2019,2087
AZ,2018,1733
AZ,2017,1473
AZ,2016,1624
AZ,2015,1778
AZ,2014,1578
AZ,2013,2063
AZ,2012,1750
AZ,2011,2152
AZ,2010,2005
AZ,2009,1864
AZ,2008,1970
AZ,2007,1929
AZ,2006,1909
AZ,2005,1860
AZ,2004,2009
AZ,2003,1857
AZ,2002,1968
AZ,2001,2084
AZ,2000,1945
AZ,1999,1823
AZ,1998,2255
AZ,1997,2005
AZ,1996,1716
AZ,1995,1811
AZ,1994,2118
AZ,1993,2061
AZ,1992,2176
AZ,1991,2142
AZ,1990,2163
AZ,1989,1851
AZ,1988,2025
AZ,1987,2259
AZ,1986,1787
AZ,1985,2217
AZ,1984,2192
AZ,1983,2231
AZ,1982,2248
AZ,1981,1782
AZ,1980,1892
AZ,1979,2372
AZ,1978,2161
AZ,1977,2018
AZ,1976,2166
AZ,1975,2498
AZ,1974,2282
AZ,1973,2495
AZ,1972,2189
AZ,1971,2444
AZ,1970,2299
AZ,1969,2168
AZ,1968,2223
AZ,1967,2244
AZ,1966,2298
AZ,1965,2221
AZ,1964,2688
AZ,1963,2157
AZ,1962,2127
AZ,1961,2215
AZ,1960,2390
CA,2022,2672
CA,2021,2689
CA,2020,2570
CA,2019,2950
CA,2018,2546
CA,2017,2449
CA,2016,2445
CA,2015,2347
CA,2014,2095
CA,2013,2712
CA,2012,2748
CA,2011,3187
CA,2010,3092
CA,2009,2887
CA,2008,2868
CA,2007,2882
CA,2006,3021
CA,2005,2820
CA,2004,2848
CA,2003,2840
CA,2002,2952
CA,2001,2970
CA,2000,2836
CA,1999,3058
CA,1998,3416
CA,1997,2667
CA,1996,2655
CA,1995,2735
CA,1994,3163
CA,1993,2920
CA,1992,2721
CA,1991,3029
CA,1990,3075
CA,1989,2936
CA,1988,2896
CA,1987,3025
CA,1986,2724
CA,1985,3277
CA,1984,3057
CA,1983,3056
CA,1982,3431
CA,1981,2816
CA,1980,2939
CA,1979,3204
CA,1978,3142
CA,1977,3056
CA,1976,3037
CA,1975,3613
CA,1974,3300
CA,1973,3400
CA,1972,3284
CA,1971,3694
CA,1970,3175
CA,1969,3284
CA,1968,3145
CA,1967,3377
CA,1966,3137
CA,1965,3378
CA,1964,3515
CA,1963,3286
CA,1962,3321
CA,1961,3196
CA,1960,3240
CO,2022,7212
CO,2021,6723
CO,2020,6814
CO,2019,7498
CO,2018,6872
CO,2017,6479
CO,2016,6672
CO,2015,6668
CO,2014,7155
CO,2013,7480
CO,2012,6397
CO,2011,7397
CO,2010,7057
CO,2009,7353
CO,2008,7453
CO,2007,7156
CO,2006,6923
CO,2005,6832
CO,2004,6961
CO,2003,6843
CO,2002,7230
CO,2001,6876
CO,2000,6877
CO,1999,6766
CO,1998,6966
CO,1997,7452
CO,1996,7191
CO,1995,7217
CO,1994,6851
CO,1993,7780
CO,1992,7137
CO,1991,7229
CO,1990,7203
CO,1989,7289
CO,1988,7364
CO,1987,7241
CO,1986,6881
CO,1985,7789
CO,1984,7808
CO,1983,7760
CO,1982,7660
CO,1981,6679
CO,1980,7305
CO,1979,7858
CO,1978,7658
CO,1977,6993
CO,1976,7398
CO,1975,7752
CO,1974,7459
CO,1973,7852
CO,1972,7563
CO,1971,7696
CO,1970,7651
CO,1969,7542
CO,1968,7716
CO,1967,7416
CO,1966,7509
CO,1965,7580
CO,1964,7824
CO,1963,7052
CO,1962,7369
CO,1961,7808
CO,1960,7664
CT,2022,5627
CT,2021,5410
CT,2020,5344
CT,2019,5937
CT,2018,5739
CT,2017,5440
CT,2016,5364
CT,2015,5938
CT,2014,6205
CT,2013,5930
CT,2012,5028
CT,2011,5605
CT,2010,5524
CT,2009,6103
CT,2008,5908
CT,2007,5945
CT,2006,5416
CT,2005,6178
CT,2004,6148
CT,2003,6458
CT,2002,5697
CT,2001,5672
CT,2000,6108
CT,1999,5614
CT,1998,5236
CT,1997,6140
CT,1996,6270
CT,1995,6145
CT,1994,6241
CT,1993,6270
CT,1992,6378
CT,1991,5477
CT,1990,5370
CT,1989,6445
CT,1988,6429
CT,1987,6119
CT,1986,6124
CT,1985,6115
CT,1984,6118
CT,1983,6026
CT,1982,6332
CT,1981,6334
CT,1980,6496
CT,1979,6091
CT,1978,6790
CT,1977,6327
CT,1976,6548
CT,1975,6029
CT,1974,6276
CT,1973,5803
CT,1972,6608
CT,1971,6346
CT,1970,6558
CT,1969,6432
CT,1968,6499
CT,1967,6709
CT,1966,6460
CT,1965,6505
CT,1964,6302
CT,1963,6592
CT,1962,6718
CT,1961,6398
CT,1960,6374
TN,2022,3820
TN,2021,3503
TN,2020,3432
TN,2019,3483
TN,2018,3844
TN,2017,3167
TN,2016,3437
TN,2015,3569
TN,2014,4284
TN,2013,4040
TN,2012,3190
TN,2011,3673
TN,2010,4294
TN,2009,3907
TN,2008,3972
TN,2007,3497
TN,2006,3566
TN,2005,3717
TN,2004,3600
TN,2003,3906
TN,2002,3782
TN,2001,3696
TN,2000,3931
TN,1999,3494
TN,1998,3347
TN,1997,4048
TN,1996,4233
TN,1995,4053
TN,1994,3808
TN,1993,4172
TN,1992,3899
TN,1991,3564
TN,1990,3308
TN,1989,4152
TN,1988,4304
TN,1987,3881
TN,1986,3711
TN,1985,4048
TN,1984,3900
TN,1983,4342
TN,1982,3864
TN,1981,4265
TN,1980,4342
TN,1979,4386
TN,1978,4554
TN,1977,4298
TN,1976,4387
TN,1975,3821
TN,1974,3669
TN,1973,3775
TN,1972,3965
TN,1971,3916
TN,1970,4184
TN,1969,4481
TN,1968,4448
TN,1967,3898
TN,1966,4306
TN,1965,3900
TN,1964,3975
TN,1963,4427
TN,1962,4191
TN,1961,4048
TN,1960,4583
TX,2022,1949
TX,2021,1643
TX,2020,1549
TX,2019,1879
TX,2018,1984
TX,2017,1337
TX,2016,1501
TX,2015,1858
TX,2014,2088
TX,2013,2014
TX,2012,1411
TX,2011,1827
TX,2010,2149
TX,2009,1846
TX,2008,1795
TX,2007,1855
TX,2006,1520
TX,2005,1707
TX,2004,1774
TX,2003,1895
TX,2002,2004
TX,2001,1905
TX,2000,1807
TX,1999,1506
TX,1998,1728
TX,1997,2148
TX,1996,1915
TX,1995,1806
TX,1994,1793
TX,1993,2137
TX,1992,1875
TX,1991,1934
TX,1990,1701
TX,1989,2158
TX,1988,2040
TX,1987,2061
TX,1986,1818
TX,1985,2215
TX,1984,1919
TX,1983,2394
TX,1982,1998
TX,1981,1914
TX,1980,2129
TX,1979,2445
TX,1978,2524
TX,1977,2102
TX,1976,2252
TX,1975,1968
TX,1974,1915
TX,1973,2100
TX,1972,2074
TX,1971,1737
TX,1970,2194
TX,1969,2103
TX,1968,2338
TX,1967,1921
TX,1966,2271
TX,1965,1931
TX,1964,2138
TX,1963,2289
TX,1962,2124
TX,1961,2181
TX,1960,2399
UT,2022,7019
UT,2021,6551
UT,2020,6693
UT,2019,7436
UT,2018,6725
UT,2017,6641
UT,2016,6549
UT,2015,6286
UT,2014,6510
UT,2013,7486
UT,2012,6383
UT,2011,7507
UT,2010,7171
UT,2009,7262
UT,2008,7454
UT,2007,6813
UT,2006,7002
UT,2005,6908
UT,2004,7078
UT,2003,6602
UT,2002,7318
UT,2001,6783
UT,2000,6748
UT,1999,6841
UT,1998,7203
UT,1997,7231
UT,1996,6975
UT,1995,6861
UT,1994,6861
UT,1993,7713
UT,1992,6823
UT,1991,7497
UT,1990,7139
UT,1989,7241
UT,1988,7197
UT,1987,7007
UT,1986,6923
UT,1985,7962
UT,1984,8226
UT,1983,7333
UT,1982,7949
UT,1981,6645
UT,1980,7105
UT,1979,7652
UT,1978,7312
UT,1977,7067
UT,1976,7517
UT,1975,8040
UT,1974,7358
UT,1973,7854
UT,1972,7348
UT,1971,7849
UT,1970,7541
UT,1969,7364
UT,1968,7747
UT,1967,7462
UT,1966,7367
UT,1965,7455
UT,1964,8114
UT,1963,7144
UT,1962,7289
UT,1961,7365
UT,1960,7320
VA,2022,4233
VA,2021,3927
VA,2020,3763
VA,2019,3992
VA,2018,4322
VA,2017,3789
VA,2016,4065
VA,2015,4164
VA,2014,4709
VA,2013,4434
VA,2012,3761
VA,2011,4038
VA,2010,4539
VA,2009,4436
VA,2008,4269
VA,2007,4094
VA,2006,3943
VA,2005,4413
VA,2004,4270
VA,2003,4539
VA,2002,4138
VA,2001,4130
VA,2000,4492
VA,1999,4143
VA,1998,3787
VA,1997,4528
VA,1996,4795
VA,1995,4606
VA,1994,4415
VA,1993,4659
VA,1992,4553
VA,1991,3991
VA,1990,3640
VA,1989,4767
VA,1988,4908
VA,1987,4647
VA,1986,4409
VA,1985,4278
VA,1984,4465
VA,1983,4728
VA,1982,4540
VA,1981,4925
VA,1980,4876
VA,1979,4735
VA,1978,5027
VA,1977,4711
VA,1976,4742
VA,1975,4381
VA,1974,4222
VA,1973,4351
VA,1972,4613
VA,1971,4517
VA,1970,4737
VA,1969,5016
VA,1968,4875
VA,1967,4822
VA,1966,5027
VA,1965,4681
VA,1964,4578
VA,1963,4950
VA,1962,4938
VA,1961,4759
VA,1960,5003
VT,2022,7715
VT,2021,7426
VT,2020,7481
VT,2019,8471
VT,2018,8104
VT,2017,7724
VT,2016,7520
VT,2015,8190
VT,2014,8403
VT,2013,8030
VT,2012,7064
VT,2011,7656
VT,2010,7463
VT,2009,8284
VT,2008,8036
VT,2007,8295
VT,2006,7355
VT,2005,8079
VT,2004,8441
VT,2003,8631
VT,2002,7867
VT,2001,7783
VT,2000,8400
VT,1999,7698
VT,1998,7281
VT,1997,8692
VT,1996,8410
VT,1995,8340
VT,1994,8689
VT,1993,8704
VT,1992,8802
VT,1991,7856
VT,1990,7660
VT,1989,8845
VT,1988,8552
VT,1987,8319
VT,1986,8380
VT,1985,8542
VT,1984,8255
VT,1983,8212
VT,1982,8572
VT,1981,8337
VT,1980,8907
VT,1979,8226
VT,1978,9093
VT,1977,8406
VT,1976,8951
VT,1975,8269
VT,1974,8671
VT,1973,7957
VT,1972,9060
VT,1971,8714
VT,1970,8789
VT,1969,8569
VT,1968,8806
VT,1967,8878
VT,1966,8633
VT,1965,8835
VT,1964,8496
VT,1963,8923
VT,1962,8970
VT,1961,8515
VT,1960,8487
WA,2022,5788
WA,2021,5562
WA,2020,5416
WA,2019,5750
WA,2018,5382
WA,2017,5794
WA,2016,5126
WA,2015,4889
WA,2014,5256
WA,2013,5751
WA,2012,5790
WA,2011,6204
WA,2010,5577
WA,2009,5960
WA,2008,6134
WA,2007,5837
WA,2006,5554
WA,2005,5494
WA,2004,5238
WA,2003,5360
WA,2002,5756
WA,2001,5820
WA,2000,5893
WA,1999,5760
WA,1998,5303
WA,1997,5519
WA,1996,6061
WA,1995,5353
WA,1994,5507
WA,1993,5953
WA,1992,5175
WA,1991,5699
WA,1990,5750
WA,1989,5797
WA,1988,5636
WA,1987,5293
WA,1986,5565
WA,1985,6660
WA,1984,6115
WA,1983,5701
WA,1982,6127
WA,1981,5583
WA,1980,5873
WA,1979,5850
WA,1978,5938
WA,1977,6037
WA,1976,6037
WA,1975,6286
WA,1974,5851
WA,1973,5956
WA,1972,6328
WA,1971,6338
WA,1970,6093
WA,1969,6101
WA,1968,5911
WA,1967,5608
WA,1966,5764
WA,1965,5823
WA,1964,6416
WA,1963,5808
WA,1962,5951
WA,1961,5777
WA,1960,6134
DC,2022,3736
DC,2021,3435
DC,2020,3317
DC,2019,3571
DC,2018,3842
DC,2017,3286
DC,2016,3594
DC,2015,3656
DC,2014,3993
DC,2013,3870
DC,2012,3163
DC,2011,3705
DC,2010,3923
DC,2009,4124
DC,2008,3770
DC,2007,3904
DC,2006,3539
DC,2005,4154
DC,2004,4045
DC,2003,4337
DC,2002,3859
DC,2001,3710
DC,2000,4110
DC,1999,3781
DC,1998,3410
DC,1997,4002
DC,1996,4404
DC,1995,4228
DC,1994,4018
DC,1993,4287
DC,1992,4185
DC,1991,3615
DC,1990,3290
DC,1989,4437
DC,1988,4459
DC,1987,4164
DC,1986,4199
DC,1985,3957
DC,1984,4052
DC,1983,4086
DC,1982,4082
DC,1981,3828
DC,1980,3941
DC,1979,3914
DC,1978,4178
DC,1977,4040
DC,1976,4144
DC,1975,3644
DC,1974,3648
DC,1973,3706
DC,1972,4182
DC,1971,4050
DC,1970,4356
DC,1969,4354
DC,1968,4227
DC,1967,4339
DC,1966,4470
DC,1965,4415
DC,1964,4198
DC,1963,4564
DC,1962,4656
DC,1961,4477
DC,1960,4609
DE,2022,4481
DE,2021,4164
DE,2020,3999
DE,2019,4347
DE,2018,4472
DE,2017,4034
DE,2016,4236
DE,2015,4480
DE,2014,4911
DE,2013,4578
DE,2012,3850
DE,2011,4252
DE,2010,4584
DE,2009,4608
DE,2008,4407
DE,2007,4477
DE,2006,4006
DE,2005,4746
DE,2004,4589
DE,2003,4940
DE,2002,4246
DE,2001,4349
DE,2000,4735
DE,1999,4373
DE,1998,3958
DE,1997,4708
DE,1996,5006
DE,1995,4808
DE,1994,4801
DE,1993,4894
DE,1992,4876
DE,1991,4227
DE,1990,3944
DE,1989,5091
DE,1988,5171
DE,1987,4901
DE,1986,4750
DE,1985,4559
DE,1984,4849
DE,1983,4832
DE,1982,4918
DE,1981,5146
DE,1980,5176
DE,1979,4990
DE,1978,5422
DE,1977,4942
DE,1976,5077
DE,1975,4614
DE,1974,4693
DE,1973,4575
DE,1972,5060
DE,1971,4850
DE,1970,5149
DE,1969,5232
DE,1968,5115
DE,1967,5349
DE,1966,5273
DE,1965,5152
DE,1964,4916
DE,1963,5267
DE,1962,5294
DE,1961,5170
DE,1960,5209
FL,2022,526
FL,2021,505
FL,2020,493
FL,2019,497
FL,2018,593
FL,2017,451
FL,2016,561
FL,2015,484
FL,2014,722
FL,2013,546
FL,2012,547
FL,2011,615
FL,2010,1279
FL,2009,706
FL,2008,635
FL,2007,559
FL,2006,607
FL,2005,706
FL,2004,711
FL,2003,774
FL,2002,687
FL,2001,636
FL,2000,722
FL,1999,631
FL,1998,561
FL,1997,580
FL,1996,800
FL,1995,779
FL,1994,537
FL,1993,746
FL,1992,675
FL,1991,549
FL,1990,432
FL,1989,677
FL,1988,799
FL,1987,742
FL,1986,608
FL,1985,790
FL,1984,722
FL,1983,885
FL,1982,510
FL,1981,1046
FL,1980,874
FL,1979,833
FL,1978,922
FL,1977,969
FL,1976,861
FL,1975,575
FL,1974,573
FL,1973,758
FL,1972,559
FL,1971,663
FL,1970,958
FL,1969,1036
FL,1968,1046
FL,1967,628
FL,1966,909
FL,1965,687
FL,1964,750
FL,1963,965
FL,1962,848
FL,1961,714
FL,1960,924
GA,2022,2682
GA,2021,2502
GA,2020,2403
GA,2019,2457
GA,2018,2798
GA,2017,2265
GA,2016,2544
GA,2015,2573
GA,2014,3191
GA,2013,2948
GA,2012,2341
GA,2011,2771
GA,2010,3467
GA,2009,3004
GA,2008,2973
GA,2007,2628
GA,2006,2657
GA,2005,2869
GA,2004,2783
GA,2003,2931
GA,2002,2839
GA,2001,2701
GA,2000,3059
GA,1999,2662
GA,1998,2525
GA,1997,2925
GA,1996,3230
GA,1995,3034
GA,1994,2776
GA,1993,3189
GA,1992,3003
GA,1991,2678
GA,1990,2365
GA,1989,2987
GA,1988,3265
GA,1987,3101
GA,1986,2711
GA,1985,2910
GA,1984,2913
GA,1983,3413
GA,1982,2806
GA,1981,3364
GA,1980,3312
GA,1979,3212
GA,1978,3369
GA,1977,3336
GA,1976,3366
GA,1975,2797
GA,1974,2640
GA,1973,2945
GA,1972,2864
GA,1971,2962
GA,1970,3219
GA,1969,3492
GA,1968,3538
GA,1967,2967
GA,1966,3337
GA,1965,2994
GA,1964,3159
GA,1963,3426
GA,1962,3207
GA,1961,3088
GA,1960,3512
HI,2022,0
HI,2021,13
HI,2020,2
HI,2019,0
HI,2018,1
HI,2017,1
HI,2016,0
HI,2015,0
HI,2014,0
HI,2013,0
HI,2012,0
HI,2011,0
HI,2010,0
HI,2009,0
HI,2008,0
HI,2007,0
HI,2006,0
HI,2005,0
HI,2004,0
HI,2003,0
HI,2002,0
HI,2001,0
HI,2000,0
HI,1999,0
HI,1998,0
HI,1997,0
HI,1996,0
HI,1995,0
HI,1994,0
HI,1993,0
HI,1992,0
HI,1991,0
HI,1990,0
HI,1989,0
HI,1988,0
HI,1987,0
HI,1986,0
HI,1985,0
HI,1984,0
HI,1983,0
HI,1982,0
HI,1981,1
HI,1980,0
HI,1979,0
HI,1978,0
HI,1977,0
HI,1976,0
HI,1975,0
HI,1974,0
HI,1973,0
HI,1972,2
HI,1971,0
HI,1970,0
HI,1969,3
HI,1968,0
HI,1967,0
HI,1966,0
HI,1965,0
HI,1964,0
HI,1963,0
HI,1962,0
HI,1961,0
HI,1960,0
IA,2022,7209
IA,2021,6352
IA,2020,6583
IA,2019,7348
IA,2018,7259
IA,2017,6228
IA,2016,6089
IA,2015,6445
IA,2014,7744
IA,2013,7407
IA,2012,5728
IA,2011,6821
IA,2010,6960
IA,2009,7171
IA,2008,7591
IA,2007,6744
IA,2006,6093
IA,2005,6532
IA,2004,6545
IA,2003,6920
IA,2002,6600
IA,2001,6531
IA,2000,6716
IA,1999,6370
IA,1998,5983
IA,1997,7172
IA,1996,7747
IA,1995,7271
IA,1994,6999
IA,1993,7546
IA,1992,6686
IA,1991,6829
IA,1990,6376
IA,1989,7373
IA,1988,7015
IA,1987,5980
IA,1986,6747
IA,1985,7550
IA,1984,6984
IA,1983,7268
IA,1982,7496
IA,1981,6542
IA,1980,7085
IA,1979,7844
IA,1978,7890
IA,1977,6976
IA,1976,7198
IA,1975,7148
IA,1974,6981
IA,1973,6652
IA,1972,7735
IA,1971,7103
IA,1970,7330
IA,1969,7526
IA,1968,6980
IA,1967,7141
IA,1966,7399
IA,1965,7253
IA,1964,6741
IA,1963,7184
IA,1962,7419
IA,1961,7243
IA,1960,7521
ID,2022,7280
ID,2021,6479
ID,2020,6661
ID,2019,7132
ID,2018,6646
ID,2017,6985
ID,2016,6429
ID,2015,6103
ID,2014,6491
ID,2013,7187
ID,2012,6494
ID,2011,7401
ID,2010,6933
ID,2009,7270
ID,2008,7339
ID,2007,6706
ID,2006,6797
ID,2005,7008
ID,2004,6736
ID,2003,6421
ID,2002,7158
ID,2001,6851
ID,2000,6902
ID,1999,6875
ID,1998,6727
ID,1997,6930
ID,1996,7054
ID,1995,6770
ID,1994,6799
ID,1993,7732
ID,1992,6439
ID,1991,7137
ID,1990,7013
ID,1989,7348
ID,1988,6829
ID,1987,6542
ID,1986,6805
ID,1985,8540
ID,1984,7963
ID,1983,7058
ID,1982,7764
ID,1981,6679
ID,1980,6960
ID,1979,7385
ID,1978,7209
ID,1977,7170
ID,1976,7417
ID,1975,7717
ID,1974,7103
ID,1973,7087
ID,1972,7425
ID,1971,7548
ID,1970,7291
ID,1969,7207
ID,1968,7246
ID,1967,7011
ID,1966,6913
ID,1965,7143
ID,1964,7880
ID,1963,6935
ID,1962,7255
ID,1961,7092
ID,1960,7411
WI,2022,7747
WI,2021,6934
WI,2020,7186
WI,2019,8025
WI,2018,7797
WI,2017,7096
WI,2016,6850
WI,2015,7214
WI,2014,8679
WI,2013,8189
WI,2012,6451
WI,2011,7523
WI,2010,7126
WI,2009,7891
WI,2008,8169
WI,2007,7301
WI,2006,6880
WI,2005,7319
WI,2004,7445
WI,2003,7748
WI,2002,7330
WI,2001,7032
WI,2000,7436
WI,1999,7071
WI,1998,6422
WI,1997,7899
WI,1996,8556
WI,1995,8057
WI,1994,7778
WI,1993,8122
WI,1992,7727
WI,1991,7545
WI,1990,7170
WI,1989,8365
WI,1988,7859
WI,1987,6857
WI,1986,7642
WI,1985,8198
WI,1984,7754
WI,1983,7874
WI,1982,8228
WI,1981,7646
WI,1980,8119
WI,1979,8590
WI,1978,8503
WI,1977,7918
WI,1976,8392
WI,1975,7850
WI,1974,7946
WI,1973,7317
WI,1972,8693
WI,1971,7986
WI,1970,8120
WI,1969,8207
WI,1968,7678
WI,1967,8265
WI,1966,8265
WI,1965,8128
WI,1964,7589
WI,1963,8215
WI,1962,8195
WI,1961,7815
WI,1960,8086
WV,2022,5190
WV,2021,4759
WV,2020,4665
WV,2019,4734
WV,2018,5109
WV,2017,4496
WV,2016,4747
WV,2015,4929
WV,2014,5616
WV,2013,5279
WV,2012,4532
WV,2011,4849
WV,2010,5451
WV,2009,5238
WV,2008,5269
WV,2007,4905
WV,2006,4819
WV,2005,5184
WV,2004,4965
WV,2003,5315
WV,2002,4958
WV,2001,4926
WV,2000,5256
WV,1999,4965
WV,1998,4496
WV,1997,5435
WV,1996,5604
WV,1995,5507
WV,1994,5305
WV,1993,5373
WV,1992,5323
WV,1991,4756
WV,1990,4492
WV,1989,5610
WV,1988,5695
WV,1987,5261
WV,1986,5130
WV,1985,5254
WV,1984,5318
WV,1983,5533
WV,1982,5256
WV,1981,5852
WV,1980,5833
WV,1979,5706
WV,1978,5999
WV,1977,5677
WV,1976,5811
WV,1975,5176
WV,1974,5107
WV,1973,5024
WV,1972,5471
WV,1971,5376
WV,1970,5439
WV,1969,5899
WV,1968,5803
WV,1967,5551
WV,1966,5866
WV,1965,5383
WV,1964,5388
WV,1963,5976
WV,1962,5694
WV,1961,5544
WV,1960,5903
WY,2022,8441
WY,2021,7865
WY,2020,8069
WY,2019,8906
WY,2018,8177
WY,2017,7895
WY,2016,7678
WY,2015,7583
WY,2014,8245
WY,2013,8516
WY,2012,7417
WY,2011,8645
WY,2010,8271
WY,2009,8630
WY,2008,8744
WY,2007,7995
WY,2006,7979
WY,2005,7964
WY,2004,8033
WY,2003,8021
WY,2002,8588
WY,2001,7988
WY,2000,8200
WY,1999,7834
WY,1998,8129
WY,1997,8555
WY,1996,8648
WY,1995,8409
WY,1994,7968
WY,1993,9251
WY,1992,8017
WY,1991,8381
WY,1990,8354
WY,1989,8579
WY,1988,8188
WY,1987,8088
WY,1986,8122
WY,1985,9262
WY,1984,9018
WY,1983,8766
WY,1982,9015
WY,1981,7673
WY,1980,8343
WY,1979,8976
WY,1978,9177
WY,1977,8289
WY,1976,8522
WY,1975,9108
WY,1974,8540
WY,1973,8993
WY,1972,8894
WY,1971,8977
WY,1970,8925
WY,1969,8633
WY,1968,8965
WY,1967,8664
WY,1966,8592
WY,1965,8816
WY,1964,9133
WY,1963,8174
WY,1962,8528
WY,1961,8724
WY,1960,8655
IL,2022,6325
IL,2021,5684
IL,2020,5774
IL,2019,6430
IL,2018,6427
IL,2017,5543
IL,2016,5544
IL,2015,6004
IL,2014,7164
IL,2013,6612
IL,2012,5148
IL,2011,6043
IL,2010,6105
IL,2009,6396
IL,2008,6652
IL,2007,5940
IL,2006,5535
IL,2005,5931
IL,2004,5918
IL,2003,6287
IL,2002,6002
IL,2001,5740
IL,2000,6130
IL,1999,5824
IL,1998,5167
IL,1997,6531
IL,1996,6893
IL,1995,6588
IL,1994,6195
IL,1993,6587
IL,1992,6110
IL,1991,5920
IL,1990,5617
IL,1989,6766
IL,1988,6493
IL,1987,5665
IL,1986,6050
IL,1985,6654
IL,1984,6340
IL,1983,6447
IL,1982,6654
IL,1981,6295
IL,1980,6711
IL,1979,7093
IL,1978,7132
IL,1977,6560
IL,1976,6825
IL,1975,6252
IL,1974,6282
IL,1973,5882
IL,1972,6955
IL,1971,6244
IL,1970,6587
IL,1969,6763
IL,1968,6389
IL,1967,6610
IL,1966,6721
IL,1965,6351
IL,1964,6149
IL,1963,6808
IL,1962,6740
IL,1961,6482
IL,1960,6791
IN,2022,5746
IN,2021,5273
IN,2020,5279
IN,2019,5725
IN,2018,5801
IN,2017,4986
IN,2016,5133
IN,2015,5605
IN,2014,6563
IN,2013,5961
IN,2012,4832
IN,2011,5494
IN,2010,5779
IN,2009,5822
IN,2008,6038
IN,2007,5459
IN,2006,5147
IN,2005,5617
IN,2004,5524
IN,2003,5913
IN,2002,5529
IN,2001,5259
IN,2000,5810
IN,1999,5412
IN,1998,4782
IN,1997,6084
IN,1996,6312
IN,1995,6040
IN,1994,5786
IN,1993,6131
IN,1992,5677
IN,1991,5334
IN,1990,5116
IN,1989,6262
IN,1988,6154
IN,1987,5443
IN,1986,5627
IN,1985,5964
IN,1984,5960
IN,1983,5981
IN,1982,6067
IN,1981,6087
IN,1980,6369
IN,1979,6549
IN,1978,6765
IN,1977,6199
IN,1976,6260
IN,1975,5721
IN,1974,5812
IN,1973,5432
IN,1972,6269
IN,1971,5846
IN,1970,6109
IN,1969,6309
IN,1968,6127
IN,1967,6074
IN,1966,6301
IN,1965,5825
IN,1964,5755
IN,1963,6445
IN,1962,6238
IN,1961,6065
IN,1960,6368
KS,2022,5040
KS,2021,4532
KS,2020,4657
KS,2019,5277
KS,2018,5239
KS,2017,4263
KS,2016,4223
KS,2015,4518
KS,2014,5334
KS,2013,5385
KS,2012,3973
KS,2011,5060
KS,2010,5041
KS,2009,5135
KS,2008,5313
KS,2007,4889
KS,2006,4263
KS,2005,4689
KS,2004,4671
KS,2003,4946
KS,2002,4957
KS,2001,4666
KS,2000,4956
KS,1999,4458
KS,1998,4605
KS,1997,5190
KS,1996,5455
KS,1995,5149
KS,1994,4881
KS,1993,5674
KS,1992,4701
KS,1991,4724
KS,1990,4645
KS,1989,5272
KS,1988,5094
KS,1987,4660
KS,1986,4580
KS,1985,5648
KS,1984,5181
KS,1983,5699
KS,1982,5400
KS,1981,4662
KS,1980,5219
KS,1979,5826
KS,1978,5849
KS,1977,4943
KS,1976,5097
KS,1975,5203
KS,1974,5000
KS,1973,5064
KS,1972,5386
KS,1971,5163
KS,1970,5302
KS,1969,5482
KS,1968,5307
KS,1967,4920
KS,1966,5273
KS,1965,4877
KS,1964,4942
KS,1963,5023
KS,1962,5183
KS,1961,5444
KS,1960,5598
KY,2022,4474
KY,2021,4165
KY,2020,4078
KY,2019,4190
KY,2018,4466
KY,2017,3802
KY,2016,4075
KY,2015,4303
KY,2014,5017
KY,2013,4698
KY,2012,3790
KY,2011,4257
KY,2010,4827
KY,2009,4552
KY,2008,4689
KY,2007,4148
KY,2006,4131
KY,2005,4386
KY,2004,4238
KY,2003,4597
KY,2002,4371
KY,2001,4219
KY,2000,4579
KY,1999,4144
KY,1998,3857
KY,1997,4798
KY,1996,4901
KY,1995,4759
KY,1994,4548
KY,1993,4850
KY,1992,4497
KY,1991,4141
KY,1990,3894
KY,1989,4893
KY,1988,4959
KY,1987,4453
KY,1986,4350
KY,1985,4697
KY,1984,4623
KY,1983,4906
KY,1982,4540
KY,1981,4960
KY,1980,5110
KY,1979,5142
KY,1978,5411
KY,1977,5027
KY,1976,5084
KY,1975,4490
KY,1974,4361
KY,1973,4371
KY,1972,4750
KY,1971,4579
KY,1970,4832
KY,1969,5178
KY,1968,5076
KY,1967,4632
KY,1966,5120
KY,1965,4579
KY,1964,4559
KY,1963,5119
KY,1962,4951
KY,1961,4832
KY,1960,5265
LA,2022,1686
LA,2021,1510
LA,2020,1336
LA,2019,1584
LA,2018,1681
LA,2017,1166
LA,2016,1367
LA,2015,1516
LA,2014,2088
LA,2013,1807
LA,2012,1276
LA,2011,1685
LA,2010,2209
LA,2009,1675
LA,2008,1669
LA,2007,1557
LA,2006,1486
LA,2005,1576
LA,2004,1647
LA,2003,1849
LA,2002,1793
LA,2001,1652
LA,2000,1725
LA,1999,1458
LA,1998,1510
LA,1997,1821
LA,1996,1794
LA,1995,1730
LA,1994,1628
LA,1993,1945
LA,1992,1723
LA,1991,1655
LA,1990,1387
LA,1989,1879
LA,1988,1894
LA,1987,1845
LA,1986,1641
LA,1985,1906
LA,1984,1717
LA,1983,2207
LA,1982,1611
LA,1981,1940
LA,1980,2026
LA,1979,2216
LA,1978,2285
LA,1977,2045
LA,1976,2107
LA,1975,1671
LA,1974,1538
LA,1973,1819
LA,1972,1703
LA,1971,1621
LA,1970,2049
LA,1969,1993
LA,1968,2242
LA,1967,1735
LA,1966,2035
LA,1965,1679
LA,1964,1913
LA,1963,2189
LA,1962,1930
LA,1961,1868
LA,1960,2162
MA,2022,5708
MA,2021,5515
MA,2020,5535
MA,2019,6245
MA,2018,6061
MA,2017,5796
MA,2016,5711
MA,2015,6268
MA,2014,6398
MA,2013,6168
MA,2012,5296
MA,2011,5861
MA,2010,5722
MA,2009,6380
MA,2008,6182
MA,2007,6264
MA,2006,5657
MA,2005,6415
MA,2004,6447
MA,2003,6732
MA,2002,5959
MA,2001,5961
MA,2000,6361
MA,1999,5836
MA,1998,5556
MA,1997,6493
MA,1996,6532
MA,1995,6452
MA,1994,6515
MA,1993,6587
MA,1992,6750
MA,1991,5826
MA,1990,5758
MA,1989,6801
MA,1988,6692
MA,1987,6514
MA,1986,6464
MA,1985,6525
MA,1984,6378
MA,1983,6238
MA,1982,6650
MA,1981,6631
MA,1980,6854
MA,1979,6318
MA,1978,7064
MA,1977,6571
MA,1976,6785
MA,1975,6322
MA,1974,6585
MA,1973,6080
MA,1972,6963
MA,1971,6673
MA,1970,6841
MA,1969,6610
MA,1968,6832
MA,1967,7032
MA,1966,6694
MA,1965,6843
MA,1964,6631
MA,1963,6831
MA,1962,7041
MA,1961,6697
MA,1960,6657
MD,2022,4517
MD,2021,4159
MD,2020,4021
MD,2019,4409
MD,2018,4647
MD,2017,4104
MD,2016,4363
MD,2015,4609
MD,2014,5079
MD,2013,4706
MD,2012,3946
MD,2011,4344
MD,2010,4624
MD,2009,4728
MD,2008,4538
MD,2007,4529
MD,2006,4101
MD,2005,4760
MD,2004,4630
MD,2003,4971
MD,2002,4383
MD,2001,4417
MD,2000,4757
MD,1999,4462
MD,1998,3961
MD,1997,4780
MD,1996,5128
MD,1995,4912
MD,1994,4840
MD,1993,4990
MD,1992,4895
MD,1991,4262
MD,1990,3927
MD,1989,5108
MD,1988,5164
MD,1987,4846
MD,1986,4789
MD,1985,4587
MD,1984,4833
MD,1983,4939
MD,1982,4917
MD,1981,5131
MD,1980,5177
MD,1979,5048
MD,1978,5401
MD,1977,5010
MD,1976,5106
MD,1975,4701
MD,1974,4665
MD,1973,4595
MD,1972,5071
MD,1971,4860
MD,1970,5131
MD,1969,5242
MD,1968,5118
MD,1967,5243
MD,1966,5291
MD,1965,5068
MD,1964,4905
MD,1963,5281
MD,1962,5293
MD,1961,5146
MD,1960,5270
ME,2022,7238
ME,2021,6959
ME,2020,7184
ME,2019,8097
ME,2018,7835
ME,2017,7499
ME,2016,7268
ME,2015,8023
ME,2014,7954
ME,2013,7742
ME,2012,7073
ME,2011,7454
ME,2010,6885
ME,2009,8058
ME,2008,7780
ME,2007,8030
ME,2006,7028
ME,2005,7843
ME,2004,8170
ME,2003,8250
ME,2002,7749
ME,2001,7548
ME,2000,7947
ME,1999,7141
ME,1998,7164
ME,1997,8324
ME,1996,8052
ME,1995,8076
ME,1994,8210
ME,1993,8332
ME,1992,8363
ME,1991,7664
ME,1990,7486
ME,1989,8570
ME,1988,8084
ME,1987,8033
ME,1986,8208
ME,1985,8329
ME,1984,7927
ME,1983,7654
ME,1982,8321
ME,1981,7806
ME,1980,8483
ME,1979,7753
ME,1978,8587
ME,1977,8165
ME,1976,8443
ME,1975,8090
ME,1974,8400
ME,1973,7712
ME,1972,8764
ME,1971,8344
ME,1970,8392
ME,1969,8030
ME,1968,8452
ME,1967,8620
ME,1966,8022
ME,1965,8515
ME,1964,8294
ME,1963,8503
ME,1962,8656
ME,1961,8169
ME,1960,7973
MI,2022,6708
MI,2021,6079
MI,2020,6276
MI,2019,6963
MI,2018,6854
MI,2017,6225
MI,2016,6156
MI,2015,6713
MI,2014,7670
MI,2013,7009
MI,2012,5774
MI,2011,6727
MI,2010,6401
MI,2009,7029
MI,2008,7073
MI,2007,6554
MI,2006,6159
MI,2005,6793
MI,2004,6774
MI,2003,7132
MI,2002,6657
MI,2001,6272
MI,2000,6777
MI,1999,6505
MI,1998,5766
MI,1997,7248
MI,1996,7502
MI,1995,7253
MI,1994,7110
MI,1993,7362
MI,1992,7124
MI,1991,6505
MI,1990,6396
MI,1989,7514
MI,1988,7154
MI,1987,6426
MI,1986,6911
MI,1985,7117
MI,1984,7119
MI,1983,7078
MI,1982,7246
MI,1981,7216
MI,1980,7579
MI,1979,7511
MI,1978,7741
MI,1977,7176
MI,1976,7593
MI,1975,6949
MI,1974,7225
MI,1973,6575
MI,1972,7662
MI,1971,7019
MI,1970,7272
MI,1969,7333
MI,1968,7112
MI,1967,7416
MI,1966,7428
MI,1965,7246
MI,1964,6859
MI,1963,7513
MI,1962,7437
MI,1961,7101
MI,1960,7356
MN,2022,9123
MN,2021,7826
MN,2020,8310
MN,2019,9326
MN,2018,9008
MN,2017,8145
MN,2016,7594
MN,2015,7889
MN,2014,9627
MN,2013,9372
MN,2012,7387
MN,2011,8472
MN,2010,8191
MN,2009,8920
MN,2008,9272
MN,2007,8298
MN,2006,7651
MN,2005,8127
MN,2004,8447
MN,2003,8601
MN,2002,8478
MN,2001,8100
MN,2000,8447
MN,1999,7868
MN,1998,7412
MN,1997,8876
MN,1996,9865
MN,1995,9077
MN,1994,8736
MN,1993,9347
MN,1992,8554
MN,1991,8634
MN,1990,8201
MN,1989,9457
MN,1988,8882
MN,1987,7399
MN,1986,8567
MN,1985,9426
MN,1984,8752
MN,1983,8905
MN,1982,9388
MN,1981,8271
MN,1980,8931
MN,1979,9754
MN,1978,9437
MN,1977,8756
MN,1976,9133
MN,1975,9139
MN,1974,9007
MN,1973,8345
MN,1972,9931
MN,1971,9185
MN,1970,9475
MN,1969,9240
MN,1968,8755
MN,1967,9360
MN,1966,9574
MN,1965,9606
MN,1964,8745
MN,1963,8830
MN,1962,9115
MN,1961,8769
MN,1960,9142
MO,2022,5216
MO,2021,4645
MO,2020,4765
MO,2019,5182
MO,2018,5320
MO,2017,4291
MO,2016,4399
MO,2015,4728
MO,2014,5700
MO,2013,5461
MO,2012,4079
MO,2011,4998
MO,2010,5244
MO,2009,5183
MO,2008,5462
MO,2007,4845
MO,2006,4446
MO,2005,4782
MO,2004,4813
MO,2003,5127
MO,2002,5016
MO,2001,4772
MO,2000,5072
MO,1999,4568
MO,1998,4482
MO,1997,5365
MO,1996,5633
MO,1995,5327
MO,1994,5005
MO,1993,5680
MO,1992,4833
MO,1991,4814
MO,1990,4560
MO,1989,5479
MO,1988,5292
MO,1987,4688
MO,1986,4833
MO,1985,5627
MO,1984,5177
MO,1983,5569
MO,1982,5425
MO,1981,4991
MO,1980,5440
MO,1979,5941
MO,1978,5981
MO,1977,5312
MO,1976,5369
MO,1975,5130
MO,1974,5040
MO,1973,4941
MO,1972,5456
MO,1971,5059
MO,1970,5375
MO,1969,5569
MO,1968,5470
MO,1967,5131
MO,1966,5445
MO,1965,4986
MO,1964,4981
MO,1963,5390
MO,1962,5470
MO,1961,5413
MO,1960,5669
MS,2022,2355
MS,2021,2162
MS,2020,1983
MS,2019,2276
MS,2018,2469
MS,2017,1818
MS,2016,2091
MS,2015,2165
MS,2014,2877
MS,2013,2602
MS,2012,1957
MS,2011,2409
MS,2010,2971
MS,2009,2477
MS,2008,2520
MS,2007,2223
MS,2006,2237
MS,2005,2344
MS,2004,2339
MS,2003,2571
MS,2002,2498
MS,2001,2386
MS,2000,2524
MS,1999,2144
MS,1998,2139
MS,1997,2589
MS,1996,2604
MS,1995,2525
MS,1994,2354
MS,1993,2746
MS,1992,2486
MS,1991,2334
MS,1990,2025
MS,1989,2646
MS,1988,2728
MS,1987,2531
MS,1986,2351
MS,1985,2656
MS,1984,2446
MS,1983,2985
MS,1982,2354
MS,1981,2704
MS,1980,2860
MS,1979,2987
MS,1978,3052
MS,1977,2822
MS,1976,2899
MS,1975,2406
MS,1974,2274
MS,1973,2457
MS,1972,2483
MS,1971,2463
MS,1970,2844
MS,1969,2879
MS,1968,3050
MS,1967,2501
MS,1966,2779
MS,1965,2466
MS,1964,2630
MS,1963,2960
MS,1962,2678
MS,1961,2609
MS,1960,3032
MT,2022,8821
MT,2021,8203
MT,2020,8300
MT,2019,9290
MT,2018,8739
MT,2017,8448
MT,2016,7890
MT,2015,7708
MT,2014,8613
MT,2013,8569
MT,2012,8008
MT,2011,8868
MT,2010,8712
MT,2009,8948
MT,2008,8959
MT,2007,8199
MT,2006,8106
MT,2005,8455
MT,2004,8312
MT,2003,8327
MT,2002,8989
MT,2001,8270
MT,2000,8651
MT,1999,8112
MT,1998,8276
MT,1997,8774
MT,1996,9544
MT,1995,8784
MT,1994,8421
MT,1993,9448
MT,1992,8171
MT,1991,8607
MT,1990,8601
MT,1989,9119
MT,1988,8196
MT,1987,8018
MT,1986,8420
MT,1985,9814
MT,1984,9027
MT,1983,8910
MT,1982,9640
MT,1981,8202
MT,1980,8741
MT,1979,9291
MT,1978,9630
MT,1977,8910
MT,1976,8614
MT,1975,9703
MT,1974,8640
MT,1973,8849
MT,1972,9400
MT,1971,9299
MT,1970,9265
MT,1969,9372
MT,1968,9173
MT,1967,8834
MT,1966,8872
MT,1965,9286
MT,1964,9304
MT,1963,8612
MT,1962,8903
MT,1961,8624
MT,1960,9098
NC,2022,3286
NC,2021,3104
NC,2020,2904
NC,2019,3064
NC,2018,3405
NC,2017,2896
NC,2016,3154
NC,2015,3150
NC,2014,3716
NC,2013,3533
NC,2012,2955
NC,2011,3237
NC,2010,3882
NC,2009,3530
NC,2008,3415
NC,2007,3116
NC,2006,3135
NC,2005,3461
NC,2004,3397
NC,2003,3520
NC,2002,3326
NC,2001,3208
NC,2000,3660
NC,1999,3213
NC,1998,3037
NC,1997,3583
NC,1996,3823
NC,1995,3670
NC,1994,3370
NC,1993,3718
NC,1992,3546
NC,1991,3149
NC,1990,2763
NC,1989,3688
NC,1988,3993
NC,1987,3804
NC,1986,3335
NC,1985,3377
NC,1984,3495
NC,1983,3883
NC,1982,3528
NC,1981,4033
NC,1980,3938
NC,1979,3737
NC,1978,4000
NC,1977,3849
NC,1976,3807
NC,1975,3361
NC,1974,3235
NC,1973,3490
NC,1972,3576
NC,1971,3546
NC,1970,3721
NC,1969,4122
NC,1968,4031
NC,1967,3705
NC,1966,4025
NC,1965,3670
NC,1964,3651
NC,1963,4019
NC,1962,3889
NC,1961,3715
NC,1960,4095
OH,2022,5698
OH,2021,5213
OH,2020,5250
OH,2019,5571
OH,2018,5765
OH,2017,5072
OH,2016,5238
OH,2015,5674
OH,2014,6450
OH,2013,5903
OH,2012,4985
OH,2011,5559
OH,2010,5867
OH,2009,5907
OH,2008,5997
OH,2007,5550
OH,2006,5229
OH,2005,5848
OH,2004,5689
OH,2003,6044
OH,2002,5553
OH,2001,5337
OH,2000,5861
OH,1999,5533
OH,1998,4853
OH,1997,6070
OH,1996,6314
OH,1995,6220
OH,1994,5999
OH,1993,6111
OH,1992,5879
OH,1991,5335
OH,1990,5134
OH,1989,6346
OH,1988,6245
OH,1987,5564
OH,1986,5655
OH,1985,5982
OH,1984,6069
OH,1983,5999
OH,1982,6012
OH,1981,6311
OH,1980,6551
OH,1979,6462
OH,1978,6839
OH,1977,6312
OH,1976,6464
OH,1975,5839
OH,1974,5937
OH,1973,5510
OH,1972,6347
OH,1971,6017
OH,1970,6119
OH,1969,6412
OH,1968,6300
OH,1967,6220
OH,1966,6468
OH,1965,6029
OH,1964,5898
OH,1963,6603
OH,1962,6407
OH,1961,6173
OH,1960,6454
OK,2022,3669
OK,2021,3346
OK,2020,3264
OK,2019,3742
OK,2018,3827
OK,2017,2922
OK,2016,3039
OK,2015,3414
OK,2014,3949
OK,2013,4000
OK,2012,2868
OK,2011,3595
OK,2010,3777
OK,2009,3681
OK,2008,3675
OK,2007,3541
OK,2006,3018
OK,2005,3358
OK,2004,3343
OK,2003,3613
OK,2002,3748
OK,2001,3494
OK,2000,3703
OK,1999,3082
OK,1998,3382
OK,1997,3830
OK,1996,3888
OK,1995,3628
OK,1994,3610
OK,1993,4170
OK,1992,3394
OK,1991,3502
OK,1990,3360
OK,1989,3975
OK,1988,3865
OK,1987,3655
OK,1986,3429
OK,1985,4112
OK,1984,3771
OK,1983,4298
OK,1982,3844
OK,1981,3510
OK,1980,3852
OK,1979,4384
OK,1978,4418
OK,1977,3658
OK,1976,3807
OK,1975,3799
OK,1974,3573
OK,1973,3732
OK,1972,3909
OK,1971,3672
OK,1970,3974
OK,1969,3944
OK,1968,4021
OK,1967,3500
OK,1966,3920
OK,1965,3492
OK,1964,3665
OK,1963,3817
OK,1962,3788
OK,1961,3873
OK,1960,4144
OR,2022,5291
OR,2021,5068
OR,2020,5042
OR,2019,5426
OR,2018,5057
OR,2017,5370
OR,2016,4883
OR,2015,4495
OR,2014,4740
OR,2013,5419
OR,2012,5425
OR,2011,5857
OR,2010,5399
OR,2009,5567
OR,2008,5730
OR,2007,5494
OR,2006,5272
OR,2005,5261
OR,2004,5018
OR,2003,5013
OR,2002,5326
OR,2001,5365
OR,2000,5468
OR,1999,5471
OR,1998,5282
OR,1997,5232
OR,1996,5390
OR,1995,5002
OR,1994,5336
OR,1993,5702
OR,1992,4647
OR,1991,5370
OR,1990,5514
OR,1989,5532
OR,1988,5306
OR,1987,5026
OR,1986,5169
OR,1985,6232
OR,1984,5793
OR,1983,5440
OR,1982,5884
OR,1981,5287
OR,1980,5538
OR,1979,5465
OR,1978,5570
OR,1977,5601
OR,1976,5723
OR,1975,5832
OR,1974,5546
OR,1973,5498
OR,1972,5753
OR,1971,6056
OR,1970,5607
OR,1969,5702
OR,1968,5472
OR,1967,5382
OR,1966,5385
OR,1965,5475
OR,1964,6015
OR,1963,5604
OR,1962,5709
OR,1961,5422
OR,1960,5688
PA,2022,5707
PA,2021,5231
PA,2020,5186
PA,2019,5590
PA,2018,5760
PA,2017,5253
PA,2016,5375
PA,2015,5705
PA,2014,6290
PA,2013,5832
PA,2012,5011
PA,2011,5458
PA,2010,5625
PA,2009,5864
PA,2008,5800
PA,2007,5661
PA,2006,5190
PA,2005,5873
PA,2004,5759
PA,2003,6150
PA,2002,5531
PA,2001,5508
PA,2000,5909
PA,1999,5577
PA,1998,4930
PA,1997,6032
PA,1996,6263
PA,1995,6094
PA,1994,6165
PA,1993,6115
PA,1992,6124
PA,1991,5392
PA,1990,5151
PA,1989,6323
PA,1988,6298
PA,1987,5878
PA,1986,5883
PA,1985,5851
PA,1984,6029
PA,1983,6021
PA,1982,6080
PA,1981,6310
PA,1980,6411
PA,1979,6201
PA,1978,6654
PA,1977,6216
PA,1976,6425
PA,1975,5856
PA,1974,5945
PA,1973,5652
PA,1972,6359
PA,1971,6081
PA,1970,6241
PA,1969,6332
PA,1968,6323
PA,1967,6457
PA,1966,6450
PA,1965,6251
PA,1964,6107
PA,1963,6556
PA,1962,6501
PA,1961,6294
PA,1960,6402
RI,2022,5413
RI,2021,5220
RI,2020,5184
RI,2019,5841
RI,2018,5639
RI,2017,5428
RI,2016,5354
RI,2015,5880
RI,2014,6021
RI,2013,5827
RI,2012,5005
RI,2011,5479
RI,2010,5434
RI,2009,5961
RI,2008,5735
RI,2007,5869
RI,2006,5320
RI,2005,6092
RI,2004,6113
RI,2003,6347
RI,2002,5603
RI,2001,5570
RI,2000,6003
RI,1999,5466
RI,1998,5237
RI,1997,6082
RI,1996,6186
RI,1995,6003
RI,1994,6143
RI,1993,6195
RI,1992,6326
RI,1991,5475
RI,1990,5382
RI,1989,6429
RI,1988,6336
RI,1987,6149
RI,1986,6108
RI,1985,6130
RI,1984,5995
RI,1983,5920
RI,1982,6274
RI,1981,6320
RI,1980,6466
RI,1979,5954
RI,1978,6729
RI,1977,6184
RI,1976,6458
RI,1975,5932
RI,1974,6177
RI,1973,5695
RI,1972,6514
RI,1971,6265
RI,1970,6509
RI,1969,6315
RI,1968,6432
RI,1967,6659
RI,1966,6344
RI,1965,6507
RI,1964,6266
RI,1963,6472
RI,1962,6719
RI,1961,6379
RI,1960,6365
ND,2022,9856
ND,2021,8373
ND,2020,8860
ND,2019,10201
ND,2018,9658
ND,2017,8828
ND,2016,8003
ND,2015,8350
ND,2014,9812
ND,2013,10045
ND,2012,8172
ND,2011,9288
ND,2010,9145
ND,2009,9959
ND,2008,9782
ND,2007,8991
ND,2006,8278
ND,2005,8688
ND,2004,9178
ND,2003,9312
ND,2002,9242
ND,2001,8749
ND,2000,9128
ND,1999,8434
ND,1998,8449
ND,1997,9376
ND,1996,10791
ND,1995,9714
ND,1994,9443
ND,1993,9908
ND,1992,8916
ND,1991,8824
ND,1990,8627
ND,1989,9869
ND,1988,9016
ND,1987,7783
ND,1986,8871
ND,1985,10018
ND,1984,9232
ND,1983,9307
ND,1982,10206
ND,1981,8386
ND,1980,9135
ND,1979,10513
ND,1978,10178
ND,1977,9187
ND,1976,9214
ND,1975,9690
ND,1974,9575
ND,1973,8895
ND,1972,10331
ND,1971,9815
ND,1970,10187
ND,1969,9984
ND,1968,9553
ND,1967,9731
ND,1966,10244
ND,1965,10279
ND,1964,9584
ND,1963,8951
ND,1962,9524
ND,1961,9290
ND,1960,9731
NE,2022,6403
NE,2021,5825
NE,2020,6049
NE,2019,6863
NE,2018,6816
NE,2017,5807
NE,2016,5557
NE,2015,5780
NE,2014,6694
NE,2013,6718
NE,2012,5356
NE,2011,6497
NE,2010,6473
NE,2009,6686
NE,2008,6896
NE,2007,6251
NE,2006,5647
NE,2005,5924
NE,2004,6000
NE,2003,6245
NE,2002,6259
NE,2001,5999
NE,2000,6214
NE,1999,5729
NE,1998,5876
NE,1997,6551
NE,1996,7178
NE,1995,6577
NE,1994,6373
NE,1993,7203
NE,1992,6041
NE,1991,6176
NE,1990,6007
NE,1989,6707
NE,1988,6340
NE,1987,5682
NE,1986,5975
NE,1985,7030
NE,1984,6653
NE,1983,7072
NE,1982,7072
NE,1981,5934
NE,1980,6492
NE,1979,7337
NE,1978,7547
NE,1977,6276
NE,1976,6474
NE,1975,6854
NE,1974,6334
NE,1973,6491
NE,1972,6944
NE,1971,6653
NE,1970,6781
NE,1969,7147
NE,1968,6669
NE,1967,6530
NE,1966,6923
NE,1965,6759
NE,1964,6485
NE,1963,6387
NE,1962,6743
NE,1961,6861
NE,1960,7221
NH,2022,7065
NH,2021,6788
NH,2020,6906
NH,2019,7725
NH,2018,7426
NH,2017,7100
NH,2016,6921
NH,2015,7599
NH,2014,7795
NH,2013,7470
NH,2012,6587
NH,2011,7185
NH,2010,6831
NH,2009,7761
NH,2008,7534
NH,2007,7671
NH,2006,6864
NH,2005,7597
NH,2004,7716
NH,2003,8041
NH,2002,7285
NH,2001,7273
NH,2000,7688
NH,1999,7060
NH,1998,6748
NH,1997,7958
NH,1996,7800
NH,1995,7749
NH,1994,7934
NH,1993,7937
NH,1992,8093
NH,1991,7211
NH,1990,7108
NH,1989,8185
NH,1988,7967
NH,1987,7746
NH,1986,7799
NH,1985,7922
NH,1984,7650
NH,1983,7494
NH,1982,8056
NH,1981,7731
NH,1980,8236
NH,1979,7599
NH,1978,8376
NH,1977,7828
NH,1976,8230
NH,1975,7709
NH,1974,7969
NH,1973,7382
NH,1972,8385
NH,1971,8038
NH,1970,8050
NH,1969,7865
NH,1968,8172
NH,1967,8309
NH,1966,8002
NH,1965,8147
NH,1964,8017
NH,1963,8138
NH,1962,8355
NH,1961,7873
NH,1960,7902
NJ,2022,5082
NJ,2021,4757
NJ,2020,4615
NJ,2019,5090
NJ,2018,5192
NJ,2017,4777
NJ,2016,4842
NJ,2015,5185
NJ,2014,5630
NJ,2013,5259
NJ,2012,4450
NJ,2011,4889
NJ,2010,5018
NJ,2009,5301
NJ,2008,5162
NJ,2007,5154
NJ,2006,4625
NJ,2005,5401
NJ,2004,5288
NJ,2003,5700
NJ,2002,4975
NJ,2001,5034
NJ,2000,5411
NJ,1999,5061
NJ,1998,4545
NJ,1997,5476
NJ,1996,5684
NJ,1995,5526
NJ,1994,5593
NJ,1993,5606
NJ,1992,5672
NJ,1991,4891
NJ,1990,4686
NJ,1989,5785
NJ,1988,5854
NJ,1987,5500
NJ,1986,5429
NJ,1985,5361
NJ,1984,5503
NJ,1983,5469
NJ,1982,5634
NJ,1981,5769
NJ,1980,5863
NJ,1979,5577
NJ,1978,6122
NJ,1977,5677
NJ,1976,5873
NJ,1975,5289
NJ,1974,5469
NJ,1973,5188
NJ,1972,5871
NJ,1971,5613
NJ,1970,5851
NJ,1969,5839
NJ,1968,5843
NJ,1967,6056
NJ,1966,5911
NJ,1965,5861
NJ,1964,5633
NJ,1963,5990
NJ,1962,6026
NJ,1961,5846
NJ,1960,5848
NM,2022,4584
NM,2021,4187
NM,2020,4166
NM,2019,4575
NM,2018,4264
NM,2017,3779
NM,2016,4134
NM,2015,4332
NM,2014,4293
NM,2013,4793
NM,2012,4112
NM,2011,4652
NM,2010,4597
NM,2009,4468
NM,2008,4625
NM,2007,4529
NM,2006,4366
NM,2005,4339
NM,2004,4613
NM,2003,4198
NM,2002,4569
NM,2001,4489
NM,2000,4336
NM,1999,4324
NM,1998,4595
NM,1997,4884
NM,1996,4364
NM,1995,4369
NM,1994,4565
NM,1993,4737
NM,1992,4923
NM,1991,4881
NM,1990,4778
NM,1989,4473
NM,1988,4880
NM,1987,5102
NM,1986,4562
NM,1985,4843
NM,1984,4992
NM,1983,4995
NM,1982,4951
NM,1981,4400
NM,1980,4780
NM,1979,5127
NM,1978,4737
NM,1977,4743
NM,1976,5143
NM,1975,5258
NM,1974,4890
NM,1973,5254
NM,1972,4722
NM,1971,5054
NM,1970,5093
NM,1969,4846
NM,1968,5069
NM,1967,4750
NM,1966,5008
NM,1965,4880
NM,1964,5369
NM,1963,4732
NM,1962,4729
NM,1961,5086
NM,1960,5143
NV,2022,3502
NV,2021,3284
NV,2020,3274
NV,2019,3770
NV,2018,3290
NV,2017,3101
NV,2016,3185
NV,2015,3076
NV,2014,2912
NV,2013,3631
NV,2012,3196
NV,2011,3823
NV,2010,3654
NV,2009,3588
NV,2008,3589
NV,2007,3396
NV,2006,3568
NV,2005,3462
NV,2004,3486
NV,2003,3342
NV,2002,3532
NV,2001,3460
NV,2000,3376
NV,1999,3350
NV,1998,3901
NV,1997,3423
NV,1996,3263
NV,1995,3248
NV,1994,3658
NV,1993,3806
NV,1992,3513
NV,1991,3695
NV,1990,3726
NV,1989,3455
NV,1988,3542
NV,1987,3660
NV,1986,3197
NV,1985,3935
NV,1984,3872
NV,1983,3708
NV,1982,4066
NV,1981,3240
NV,1980,3401
NV,1979,3858
NV,1978,3722
NV,1977,3551
NV,1976,3659
NV,1975,4031
NV,1974,3764
NV,1973,3914
NV,1972,3841
NV,1971,4126
NV,1970,3834
NV,1969,3778
NV,1968,3664
NV,1967,3838
NV,1966,3700
NV,1965,3794
NV,1964,4152
NV,1963,3736
NV,1962,3709
NV,1961,3851
NV,1960,3856
NY,2022,5849
NY,2021,5517
NY,2020,5476
NY,2019,6125
NY,2018,6038
NY,2017,5605
NY,2016,5540
NY,2015,6060
NY,2014,6379
NY,2013,6081
NY,2012,5158
NY,2011,5743
NY,2010,5719
NY,2009,6216
NY,2008,6020
NY,2007,6063
NY,2006,5463
NY,2005,6222
NY,2004,6222
NY,2003,6551
NY,2002,5792
NY,2001,5767
NY,2000,6292
NY,1999,5808
NY,1998,5334
NY,1997,6365
NY,1996,6492
NY,1995,6311
NY,1994,6477
NY,1993,6517
NY,1992,6546
NY,1991,5646
NY,1990,5538
NY,1989,6650
NY,1988,6527
NY,1987,6215
NY,1986,6221
NY,1985,6281
NY,1984,6271
NY,1983,6211
NY,1982,6474
NY,1981,6504
NY,1980,6750
NY,1979,6382
NY,1978,6948
NY,1977,6457
NY,1976,6767
NY,1975,6138
NY,1974,6451
NY,1973,5960
NY,1972,6807
NY,1971,6491
NY,1970,6670
NY,1969,6595
NY,1968,6659
NY,1967,6791
NY,1966,6644
NY,1965,6660
NY,1964,6355
NY,1963,6788
NY,1962,6821
NY,1961,6549
NY,1960,6551
