year,stateId,REPRB,RERCB,RETCB
1990,AZ,42902.0,,
1990,CA,379479.0,,
1990,CO,16476.0,,
1990,MT,,,48460.0
1990,NC,,,121053.0
1990,ND,10208.0,,9193.0
1990,NE,,,11735.0
1991,AK,11063.0,1611.0,11063.0
1991,AL,180028.0,16023.0,181640.0
1991,AR,84909.0,4704.0,85229.0
1991,AZ,41462.0,12283.0,41462.0
1991,CA,371447.0,95513.0,376041.0
1991,CO,19286.0,7910.0,20012.0
1991,CT,31852.0,10193.0,31964.0
1991,DC,1344.0,1212.0,1347.0
1991,DE,1733.0,1349.0,1733.0
1991,FL,211107.0,54136.0,211898.0
1991,GA,197187.0,11636.0,197973.0
1991,HI,26765.0,955.0,26765.0
1991,IA,85590.0,7368.0,69801.0
1991,ID,54593.0,2252.0,54792.0
1991,IL,125161.0,34062.0,107987.0
1991,IN,58192.0,17363.0,59103.0
1991,KS,15551.0,6715.0,14232.0
1991,KY,30936.0,14571.0,33801.0
1991,LA,122897.0,5883.0,123489.0
1991,MA,58748.0,19143.0,58748.0
1991,MD,31790.0,8352.0,31790.0
1991,ME,130449.0,4589.0,130449.0
1991,MI,93057.0,29644.0,98544.0
1991,MN,55957.0,12283.0,58373.0
1991,MO,22676.0,14231.0,24654.0
1991,MS,89510.0,9604.0,89510.0
1991,MT,58291.0,1913.0,58187.0
1991,NC,96191.0,12559.0,96609.0
1991,ND,10866.0,1836.0,9772.0
1991,NE,10274.0,4270.0,12098.0
1991,NH,29759.0,3889.0,29759.0
1991,NJ,35811.0,17422.0,35811.0
1991,NM,7473.0,3868.0,7678.0
1991,NV,15355.0,2911.0,15903.0
1991,NY,188187.0,40206.0,188187.0
1991,OH,79123.0,33107.0,84217.0
1991,OK,27715.0,4748.0,27715.0
1991,OR,196028.0,8620.0,196028.0
1991,PA,76757.0,27896.0,76757.0
1991,RI,4515.0,3219.0,4515.0
1991,SC,85812.0,6300.0,85812.0
1991,SD,16672.0,1906.0,17179.0
1991,TN,103987.0,19329.0,102183.0
1991,TX,104700.0,23837.0,106685.0
1991,UT,6841.0,3202.0,6843.0
1991,VA,99113.0,11103.0,100026.0
1991,VT,9915.0,2085.0,9915.0
1991,WA,379939.0,14319.0,380353.0
1991,WI,90582.0,15675.0,92278.0
1991,WV,8916.0,3432.0,8916.0
1991,WY,5325.0,1058.0,5610.0
1992,AK,11938.0,1690.0,11938.0
1992,AL,183912.0,16805.0,186497.0
1992,AR,89182.0,4876.0,89408.0
1992,AZ,41644.0,12771.0,41644.0
1992,CA,377325.0,99842.0,377508.0
1992,CO,17387.0,8304.0,18597.0
1992,CT,35989.0,10694.0,36453.0
1992,DC,1411.0,1272.0,1411.0
1992,DE,1783.0,1416.0,1783.0
1992,FL,229146.0,56707.0,229941.0
1992,GA,200421.0,12212.0,200633.0
1992,HI,26202.0,1007.0,26202.0
1992,IA,93311.0,7732.0,73277.0
1992,ID,49021.0,2358.0,49024.0
1992,IL,133453.0,35750.0,113849.0
1992,IN,57955.0,18235.0,59138.0
1992,KS,15305.0,7044.0,14180.0
1992,KY,31892.0,15295.0,35252.0
1992,LA,126249.0,6173.0,127019.0
1992,MA,61424.0,20079.0,61424.0
1992,MD,34027.0,8767.0,34027.0
1992,ME,134693.0,4811.0,134693.0
1992,MI,96126.0,31109.0,100867.0
1992,MN,62139.0,12877.0,65245.0
1992,MO,24491.0,14925.0,26821.0
1992,MS,90830.0,10076.0,90830.0
1992,MT,38588.0,2005.0,38500.0
1992,NC,119723.0,13175.0,119993.0
1992,ND,10473.0,1929.0,9616.0
1992,NE,12166.0,4481.0,13687.0
1992,NH,32553.0,4080.0,32553.0
1992,NJ,38434.0,18283.0,38434.0
1992,NM,7487.0,4032.0,7541.0
1992,NV,14900.0,3072.0,15561.0
1992,NY,200666.0,42192.0,200666.0
1992,OH,74555.0,34749.0,82355.0
1992,OK,30828.0,4977.0,30828.0
1992,OR,154400.0,9055.0,156161.0
1992,PA,89723.0,29260.0,89723.0
1992,RI,4770.0,3377.0,4770.0
1992,SC,87708.0,6613.0,87708.0
1992,SD,16030.0,2001.0,16878.0
1992,TN,100715.0,20278.0,99575.0
1992,TX,115564.0,25001.0,117816.0
1992,UT,6912.0,3355.0,6935.0
1992,VA,102688.0,11647.0,103325.0
1992,VT,9628.0,2188.0,9628.0
1992,WA,329656.0,15015.0,333174.0
1992,WI,92276.0,16444.0,93750.0
1992,WV,9662.0,3599.0,10049.0
1992,WY,4381.0,1110.0,4857.0
1993,AK,11564.0,1963.0,11564.0
1993,AL,205838.0,12844.0,207205.0
1993,AR,102546.0,6231.0,102703.0
1993,AZ,40473.0,12451.0,40750.0
1993,CA,414397.0,79413.0,416004.0
1993,CO,18430.0,7841.0,20448.0
1993,CT,36250.0,11096.0,36817.0
1993,DC,1945.0,1714.0,1945.0
1993,DE,2492.0,2003.0,2492.0
1993,FL,215574.0,40191.0,216027.0
1993,GA,209260.0,17653.0,209652.0
1993,HI,26238.0,1062.0,26238.0
1993,IA,101127.0,6468.0,75750.0
1993,ID,59217.0,2287.0,58875.0
1993,IL,120127.0,18542.0,97273.0
1993,IN,49450.0,9817.0,50485.0
1993,KS,15439.0,5921.0,13478.0
1993,KY,26220.0,11727.0,28339.0
1993,LA,128994.0,8392.0,129759.0
1993,MA,63660.0,20771.0,63660.0
1993,MD,37825.0,12527.0,37825.0
1993,ME,135766.0,5044.0,135766.0
1993,MI,88322.0,16525.0,93903.0
1993,MN,62166.0,11018.0,70211.0
1993,MO,28018.0,12569.0,30680.0
1993,MS,92435.0,7603.0,92918.0
1993,MT,42671.0,1856.0,42724.0
1993,NC,122911.0,18966.0,123182.0
1993,ND,9561.0,1625.0,8499.0
1993,NE,15413.0,3775.0,13949.0
1993,NH,32719.0,4270.0,32719.0
1993,NJ,36842.0,15806.0,36935.0
1993,NM,7640.0,3857.0,6812.0
1993,NV,16359.0,3222.0,17150.0
1993,NY,218218.0,55544.0,218505.0
1993,OH,52459.0,18125.0,64688.0
1993,OK,37904.0,6768.0,37904.0
1993,OR,166797.0,10942.0,169830.0
1993,PA,88372.0,25378.0,89126.0
1993,RI,5116.0,3503.0,5116.0
1993,SC,89878.0,9520.0,89878.0
1993,SD,12370.0,1696.0,13327.0
1993,TN,91459.0,15625.0,90319.0
1993,TX,104903.0,15175.0,105422.0
1993,UT,7621.0,3247.0,7689.0
1993,VA,110214.0,16673.0,110056.0
1993,VT,11470.0,2291.0,11470.0
1993,WA,327371.0,18377.0,333704.0
1993,WI,87450.0,8733.0,88684.0
1993,WV,10775.0,4925.0,11000.0
1993,WY,4777.0,1018.0,5319.0
1994,AK,14299.0,1864.0,14301.0
1994,AL,253626.0,12204.0,255095.0
1994,AR,95675.0,5963.0,95703.0
1994,AZ,42659.0,12052.0,43382.0
1994,CA,353389.0,76603.0,355772.0
1994,CO,16681.0,7467.0,18625.0
1994,CT,37120.0,10592.0,37501.0
1994,DC,1848.0,1627.0,1848.0
1994,DE,2421.0,1901.0,2421.0
1994,FL,213667.0,40418.0,214035.0
1994,GA,210923.0,16771.0,211034.0
1994,HI,23020.0,1116.0,23020.0
1994,IA,106620.0,6138.0,78020.0
1994,ID,52046.0,2176.0,51607.0
1994,IL,121650.0,17610.0,100045.0
1994,IN,48606.0,9307.0,48955.0
1994,KS,15211.0,5622.0,13015.0
1994,KY,28961.0,11124.0,29855.0
1994,LA,140535.0,7967.0,141614.0
1994,MA,66997.0,19740.0,66997.0
1994,MD,39116.0,11893.0,39116.0
1994,ME,132498.0,4805.0,132498.0
1994,MI,90995.0,15707.0,97443.0
1994,MN,63970.0,10471.0,73382.0
1994,MO,22666.0,11936.0,25653.0
1994,MS,94862.0,7222.0,95203.0
1994,MT,38247.0,1764.0,38106.0
1994,NC,137151.0,18007.0,138184.0
1994,ND,11764.0,1540.0,10675.0
1994,NE,20292.0,3588.0,15661.0
1994,NH,30267.0,4056.0,30267.0
1994,NJ,41317.0,15071.0,41646.0
1994,NM,7131.0,3697.0,6686.0
1994,NV,15814.0,3086.0,15814.0
1994,NY,217354.0,52797.0,218065.0
1994,OH,78623.0,17196.0,92928.0
1994,OK,32764.0,6428.0,32764.0
1994,OR,152449.0,10455.0,152449.0
1994,PA,93125.0,24127.0,95054.0
1994,RI,5001.0,3327.0,5001.0
1994,SC,93678.0,9035.0,93678.0
1994,SD,21677.0,1609.0,22483.0
1994,TN,103171.0,14833.0,103022.0
1994,TX,103526.0,14448.0,104814.0
1994,UT,7282.0,3099.0,7282.0
1994,VA,114721.0,15833.0,115358.0
1994,VT,11897.0,2181.0,11897.0
1994,WA,321261.0,17460.0,328652.0
1994,WI,91371.0,8299.0,92731.0
1994,WV,10789.0,4676.0,10956.0
1994,WY,5741.0,966.0,6161.0
1995,AK,13038.0,1864.0,13675.0
1995,AL,254541.0,12202.0,256556.0
1995,AR,95272.0,5941.0,95304.0
1995,AZ,46738.0,12060.0,49010.0
1995,CA,410708.0,76661.0,419049.0
1995,CO,18805.0,7478.0,21823.0
1995,CT,43633.0,10610.0,43715.0
1995,DC,1850.0,1627.0,1850.0
1995,DE,2475.0,1904.0,2475.0
1995,FL,218618.0,41044.0,218817.0
1995,GA,220160.0,16791.0,220171.0
1995,HI,22171.0,1164.0,22171.0
1995,IA,106200.0,6143.0,77467.0
1995,ID,64081.0,2176.0,63648.0
1995,IL,119951.0,17651.0,97004.0
1995,IN,49279.0,9347.0,51468.0
1995,KS,15012.0,5624.0,12871.0
1995,KY,27584.0,11143.0,28033.0
1995,LA,145028.0,7980.0,145672.0
1995,MA,66549.0,19744.0,66549.0
1995,MD,41861.0,11898.0,42126.0
1995,ME,137743.0,4810.0,137743.0
1995,MI,94695.0,15764.0,98922.0
1995,MN,68125.0,10515.0,77675.0
1995,MO,23014.0,11937.0,25012.0
1995,MS,94192.0,7223.0,94383.0
1995,MT,53403.0,1764.0,53342.0
1995,NC,130618.0,18014.0,130716.0
1995,ND,14029.0,1546.0,12956.0
1995,NE,37083.0,3591.0,23542.0
1995,NH,30028.0,4066.0,30028.0
1995,NJ,43128.0,15093.0,44140.0
1995,NM,7251.0,3692.0,7966.0
1995,NV,16204.0,3133.0,17257.0
1995,NY,211900.0,52852.0,214169.0
1995,OH,70616.0,17227.0,86216.0
1995,OK,34109.0,6426.0,34109.0
1995,OR,185887.0,10511.0,185887.0
1995,PA,99282.0,24152.0,105281.0
1995,RI,5015.0,3326.0,5015.0
1995,SC,100846.0,9041.0,100846.0
1995,SD,24738.0,1612.0,25427.0
1995,TN,98704.0,14835.0,96931.0
1995,TX,106132.0,14478.0,110346.0
1995,UT,7891.0,3098.0,7891.0
1995,VA,119615.0,15843.0,119343.0
1995,VT,12455.0,2184.0,12455.0
1995,WA,372764.0,17459.0,374986.0
1995,WI,95145.0,8321.0,97801.0
1995,WV,11223.0,4683.0,11336.0
1995,WY,5193.0,966.0,5464.0
1996,AK,12417.0,1935.0,13145.0
1996,AL,246596.0,12662.0,246945.0
1996,AR,98639.0,6084.0,98641.0
1996,AZ,48324.0,12393.0,50240.0
1996,CA,396901.0,78781.0,404112.0
1996,CO,17857.0,7765.0,23186.0
1996,CT,51717.0,11047.0,51996.0
1996,DC,1922.0,1690.0,1922.0
1996,DE,2641.0,1977.0,2641.0
1996,FL,238849.0,41832.0,238919.0
1996,GA,224444.0,17441.0,224444.0
1996,HI,21531.0,1206.0,21531.0
1996,IA,113242.0,6380.0,82247.0
1996,ID,72208.0,2256.0,72019.0
1996,IL,87466.0,18339.0,82764.0
1996,IN,44944.0,9725.0,46611.0
1996,KS,12499.0,5839.0,11716.0
1996,KY,30916.0,11577.0,31382.0
1996,LA,145764.0,8285.0,145919.0
1996,MA,70193.0,20494.0,70193.0
1996,MD,48979.0,12355.0,49203.0
1996,ME,138415.0,4990.0,138415.0
1996,MI,110098.0,16373.0,111880.0
1996,MN,71941.0,10903.0,76729.0
1996,MO,21666.0,12386.0,22717.0
1996,MS,85740.0,7500.0,85759.0
1996,MT,63002.0,1831.0,62959.0
1996,NC,130134.0,18706.0,132874.0
1996,ND,14531.0,1607.0,14272.0
1996,NE,42234.0,3730.0,27325.0
1996,NH,34337.0,4220.0,34337.0
1996,NJ,41077.0,15683.0,41931.0
1996,NM,6121.0,3801.0,7129.0
1996,NV,17338.0,3288.0,17338.0
1996,NY,238701.0,54929.0,240615.0
1996,OH,76203.0,17900.0,83243.0
1996,OK,36724.0,6667.0,36724.0
1996,OR,206337.0,10955.0,206337.0
1996,PA,110221.0,25086.0,114722.0
1996,RI,5490.0,3452.0,5490.0
1996,SC,110726.0,9389.0,110726.0
1996,SD,31577.0,1674.0,31749.0
1996,TN,97411.0,15404.0,96168.0
1996,TX,103308.0,15039.0,104877.0
1996,UT,8563.0,3216.0,8638.0
1996,VA,126463.0,16452.0,129674.0
1996,VT,13335.0,2271.0,13335.0
1996,WA,426607.0,18111.0,427620.0
1996,WI,105181.0,8637.0,109575.0
1996,WV,12164.0,4868.0,12182.0
1996,WY,6298.0,1004.0,6383.0
1997,AK,7520.0,1584.0,8109.0
1997,AL,221323.0,6726.0,221668.0
1997,AR,100134.0,3598.0,100134.0
1997,AZ,59656.0,13488.0,61559.0
1997,CA,369373.0,57150.0,376474.0
1997,CO,19482.0,8667.0,24693.0
1997,CT,47670.0,7994.0,47965.0
1997,DC,1377.0,1180.0,1377.0
1997,DE,2202.0,1525.0,2202.0
1997,FL,229667.0,37927.0,229786.0
1997,GA,233372.0,13952.0,233372.0
1997,HI,19937.0,1217.0,19937.0
1997,IA,104705.0,4941.0,74583.0
1997,ID,79533.0,2556.0,79204.0
1997,IL,102241.0,12087.0,90517.0
1997,IN,41931.0,6752.0,43216.0
1997,KS,11790.0,4571.0,10255.0
1997,KY,24981.0,6206.0,25533.0
1997,LA,142583.0,4130.0,142648.0
1997,MA,65292.0,14741.0,65292.0
1997,MD,42117.0,9302.0,42372.0
1997,ME,137018.0,3654.0,137018.0
1997,MI,102095.0,11126.0,104363.0
1997,MN,76107.0,8633.0,82546.0
1997,MO,19917.0,9760.0,20496.0
1997,MS,84291.0,3922.0,84291.0
1997,MT,62159.0,1933.0,62094.0
1997,NC,126557.0,14834.0,129323.0
1997,ND,15889.0,1269.0,15086.0
1997,NE,51014.0,2916.0,30558.0
1997,NH,31253.0,3074.0,31253.0
1997,NJ,39140.0,9151.0,40109.0
1997,NM,7265.0,4179.0,8002.0
1997,NV,19826.0,4035.0,19826.0
1997,NY,282909.0,84615.0,284752.0
1997,OH,70737.0,11870.0,83483.0
1997,OK,35316.0,3230.0,35316.0
1997,OR,212960.0,9467.0,212960.0
1997,PA,99363.0,14574.0,104346.0
1997,RI,4295.0,2476.0,4295.0
1997,SC,111865.0,7400.0,111865.0
1997,SD,34628.0,1338.0,35035.0
1997,TN,89021.0,8236.0,86761.0
1997,TX,109930.0,11624.0,113638.0
1997,UT,10114.0,3646.0,10114.0
1997,VA,116648.0,12637.0,119055.0
1997,VT,12689.0,1655.0,12689.0
1997,WA,450520.0,15361.0,452482.0
1997,WI,106301.0,5842.0,111497.0
1997,WV,9837.0,3544.0,9853.0
1997,WY,7033.0,1055.0,6890.0
1998,AK,5737.0,1409.0,6084.0
1998,AL,245383.0,5991.0,245667.0
1998,AR,93780.0,3268.0,93780.0
1998,AZ,52211.0,12329.0,53679.0
1998,CA,387102.0,52502.0,392331.0
1998,CO,16338.0,7738.0,21478.0
1998,CT,46144.0,7157.0,46427.0
1998,DC,1221.0,1049.0,1221.0
1998,DE,1935.0,1368.0,1935.0
1998,FL,204138.0,36917.0,204260.0
1998,GA,221057.0,12443.0,221057.0
1998,HI,19091.0,1252.0,19091.0
1998,IA,101783.0,4405.0,72818.0
1998,ID,72434.0,2283.0,72052.0
1998,IL,104277.0,10853.0,90544.0
1998,IN,40935.0,6108.0,41269.0
1998,KS,11581.0,4068.0,9818.0
1998,KY,22338.0,5564.0,22665.0
1998,LA,140271.0,3704.0,140327.0
1998,MA,59419.0,13115.0,59419.0
1998,MD,40646.0,8284.0,40856.0
1998,ME,126027.0,3260.0,126027.0
1998,MI,96473.0,10033.0,99402.0
1998,MN,73043.0,7727.0,80365.0
1998,MO,21476.0,8690.0,22132.0
1998,MS,64175.0,3487.0,64175.0
1998,MT,52877.0,1722.0,52849.0
1998,NC,120693.0,13220.0,124075.0
1998,ND,12791.0,1142.0,11747.0
1998,NE,53159.0,2603.0,31247.0
1998,NH,29751.0,2735.0,29751.0
1998,NJ,38653.0,8238.0,39413.0
1998,NM,6862.0,3752.0,8439.0
1998,NV,21196.0,3711.0,22416.0
1998,NY,259886.0,75271.0,261254.0
1998,OH,64451.0,10656.0,83194.0
1998,OK,36785.0,2879.0,36785.0
1998,OR,183478.0,8516.0,184703.0
1998,PA,94386.0,13026.0,95530.0
1998,RI,4137.0,2203.0,4137.0
1998,SC,105738.0,6597.0,105738.0
1998,SD,23776.0,1196.0,24153.0
1998,TN,88253.0,7331.0,85535.0
1998,TX,99855.0,10485.0,105346.0
1998,UT,9496.0,3250.0,10526.0
1998,VA,114361.0,11266.0,117403.0
1998,VT,12187.0,1474.0,12187.0
1998,WA,360447.0,13679.0,363145.0
1998,WI,96298.0,5230.0,98824.0
1998,WV,8840.0,3153.0,8842.0
1998,WY,6800.0,938.0,6611.0
1999,AK,4648.0,1480.0,5040.0
1999,AL,237321.0,6140.0,237358.0
1999,AR,92463.0,3243.0,92463.0
1999,AZ,48375.0,12420.0,49643.0
1999,CA,367625.0,52678.0,372132.0
1999,CO,17386.0,7962.0,21743.0
1999,CT,46413.0,7377.0,46716.0
1999,DC,1258.0,1076.0,1258.0
1999,DE,1999.0,1409.0,1999.0
1999,FL,203158.0,36436.0,203241.0
1999,GA,212369.0,12786.0,212369.0
1999,HI,19430.0,1275.0,19430.0
1999,IA,105517.0,4530.0,75731.0
1999,ID,75764.0,2273.0,75416.0
1999,IL,103042.0,11204.0,92867.0
1999,IN,40351.0,6345.0,44825.0
1999,KS,11444.0,4175.0,10058.0
1999,KY,20784.0,5746.0,21088.0
1999,LA,142844.0,3814.0,142980.0
1999,MA,58519.0,13454.0,58519.0
1999,MD,40970.0,8510.0,41184.0
1999,ME,133593.0,3347.0,133593.0
1999,MI,98008.0,10369.0,101323.0
1999,MN,84072.0,7921.0,87458.0
1999,MO,19870.0,8912.0,21279.0
1999,MS,65132.0,3578.0,65132.0
1999,MT,62847.0,1792.0,62836.0
1999,NC,114627.0,13572.0,117528.0
1999,ND,13829.0,1183.0,12906.0
1999,NE,56059.0,2678.0,32897.0
1999,NH,29290.0,2810.0,29290.0
1999,NJ,39706.0,8456.0,40356.0
1999,NM,7311.0,3800.0,8572.0
1999,NV,20065.0,3897.0,22270.0
1999,NY,250461.0,77245.0,251643.0
1999,OH,71466.0,11002.0,90671.0
1999,OK,33680.0,2946.0,33680.0
1999,OR,198266.0,8857.0,199304.0
1999,PA,95979.0,13360.0,96960.0
1999,RI,4360.0,2262.0,4360.0
1999,SC,85469.0,6783.0,85469.0
1999,SD,27110.0,1245.0,27606.0
1999,TN,81264.0,7524.0,78673.0
1999,TX,84175.0,10812.0,88905.0
1999,UT,10748.0,3299.0,11624.0
1999,VA,115568.0,11578.0,118184.0
1999,VT,12559.0,1521.0,12559.0
1999,WA,420929.0,14017.0,423236.0
1999,WI,100687.0,5361.0,102773.0
1999,WV,8469.0,3238.0,8470.0
1999,WY,6289.0,965.0,6108.0
2000,AK,5403.0,1590.0,5574.0
2000,AL,223807.0,6586.0,223807.0
2000,AR,92540.0,3271.0,92540.0
2000,AZ,44053.0,12871.0,45505.0
2000,CA,364952.0,54412.0,370066.0
2000,CO,17196.0,8538.0,22119.0
2000,CT,47003.0,7920.0,47338.0
2000,DC,1353.0,1159.0,1353.0
2000,DE,2288.0,1506.0,2288.0
2000,FL,194363.0,35824.0,194517.0
2000,GA,205344.0,13757.0,205344.0
2000,HI,17784.0,1276.0,17784.0
2000,IA,99882.0,4869.0,71239.0
2000,ID,66995.0,2458.0,66584.0
2000,IL,108816.0,12014.0,96707.0
2000,IN,40030.0,6767.0,44680.0
2000,KS,11810.0,4488.0,9816.0
2000,KY,20271.0,6158.0,20504.0
2000,LA,138715.0,4080.0,138738.0
2000,MA,62221.0,14456.0,62221.0
2000,MD,42122.0,9150.0,42360.0
2000,ME,138647.0,3589.0,138647.0
2000,MI,100813.0,11052.0,108675.0
2000,MN,92184.0,8453.0,93403.0
2000,MO,17606.0,9566.0,19220.0
2000,MS,75389.0,3852.0,75389.0
2000,MT,48460.0,1925.0,48460.0
2000,NC,114931.0,14575.0,118207.0
2000,ND,12858.0,1265.0,11741.0
2000,NE,57269.0,2876.0,33498.0
2000,NH,28931.0,3020.0,28931.0
2000,NJ,40148.0,9035.0,40916.0
2000,NM,7701.0,4002.0,9109.0
2000,NV,18930.0,4228.0,21320.0
2000,NY,260001.0,83132.0,261307.0
2000,OH,75371.0,11797.0,94967.0
2000,OK,31931.0,3158.0,31931.0
2000,OR,177442.0,9494.0,178605.0
2000,PA,97972.0,14298.0,99079.0
2000,RI,4486.0,2430.0,4486.0
2000,SC,82051.0,7292.0,82051.0
2000,SD,24066.0,1335.0,24637.0
2000,TN,80237.0,8089.0,77076.0
2000,TX,87097.0,11551.0,92516.0
2000,UT,9308.0,3545.0,10305.0
2000,VA,109231.0,12444.0,112213.0
2000,VT,13014.0,1636.0,13014.0
2000,WA,363955.0,15031.0,366576.0
2000,WI,99824.0,5728.0,102202.0
2000,WV,9566.0,3480.0,9592.0
2000,WY,6702.0,1039.0,6478.0
2001,AK,7654.0,2563.0,8126.0
2001,AL,193688.0,5438.0,195007.0
2001,AR,76364.0,3060.0,76386.0
2001,AZ,37740.0,8768.0,39763.0
2001,CA,318256.0,52116.0,325466.0
2001,CO,13038.0,5029.0,19783.0
2001,CT,27828.0,6381.0,27934.0
2001,DC,865.0,735.0,865.0
2001,DE,1322.0,1044.0,1323.0
2001,FL,157016.0,33385.0,157115.0
2001,GA,174091.0,9366.0,174098.0
2001,HI,10241.0,1228.0,10248.0
2001,IA,96388.0,4840.0,67480.0
2001,ID,55054.0,1422.0,54613.0
2001,IL,112174.0,16206.0,99873.0
2001,IN,45664.0,9018.0,49208.0
2001,KS,12631.0,4413.0,10477.0
2001,KY,26509.0,5180.0,26855.0
2001,LA,131018.0,3767.0,131061.0
2001,MA,43124.0,11663.0,43130.0
2001,MD,25055.0,5973.0,25084.0
2001,ME,127839.0,2980.0,127842.0
2001,MI,83345.0,14682.0,88213.0
2001,MN,96985.0,8490.0,96083.0
2001,MO,25285.0,9573.0,25500.0
2001,MS,56085.0,3168.0,56103.0
2001,MT,34795.0,1110.0,34881.0
2001,NC,109382.0,10020.0,113906.0
2001,ND,11443.0,1233.0,10285.0
2001,NE,62354.0,2874.0,35615.0
2001,NH,23330.0,2454.0,23331.0
2001,NJ,28837.0,8551.0,29874.0
2001,NM,6384.0,2376.0,6268.0
2001,NV,17700.0,2918.0,20294.0
2001,NY,190812.0,55686.0,191259.0
2001,OH,47564.0,15868.0,64850.0
2001,OK,32162.0,2923.0,32198.0
2001,OR,151082.0,14987.0,152624.0
2001,PA,84228.0,13213.0,85729.0
2001,RI,3875.0,1959.0,3876.0
2001,SC,62093.0,4970.0,62097.0
2001,SD,17555.0,1328.0,17327.0
2001,TN,94271.0,6723.0,90787.0
2001,TX,80002.0,12672.0,85632.0
2001,UT,6239.0,2053.0,7552.0
2001,VA,85812.0,8238.0,88641.0
2001,VT,11136.0,1330.0,11137.0
2001,WA,280246.0,24075.0,282161.0
2001,WI,107115.0,7724.0,113726.0
2001,WV,8137.0,2310.0,8577.0
2001,WY,6298.0,573.0,6047.0
2002,AK,8191.0,2600.0,8538.0
2002,AL,193025.0,5505.0,193944.0
2002,AR,85388.0,2967.0,85422.0
2002,AZ,36653.0,8644.0,37820.0
2002,CA,347040.0,51918.0,355371.0
2002,CO,11960.0,5095.0,17922.0
2002,CT,26046.0,6534.0,26344.0
2002,DC,879.0,746.0,879.0
2002,DE,1311.0,1065.0,1312.0
2002,FL,173217.0,32509.0,173135.0
2002,GA,265343.0,9514.0,265354.0
2002,HI,9299.0,1230.0,9310.0
2002,IA,101329.0,4920.0,72597.0
2002,ID,54490.0,1444.0,53899.0
2002,IL,139390.0,16560.0,110708.0
2002,IN,49752.0,9223.0,52552.0
2002,KS,18954.0,4478.0,16319.0
2002,KY,35646.0,5291.0,37866.0
2002,LA,134911.0,3839.0,138094.0
2002,MA,40792.0,11831.0,40875.0
2002,MD,26833.0,6071.0,29893.0
2002,ME,121672.0,3018.0,121676.0
2002,MI,77921.0,14966.0,88212.0
2002,MN,95620.0,8601.0,92437.0
2002,MO,26051.0,9705.0,28683.0
2002,MS,49641.0,3217.0,49669.0
2002,MT,43959.0,1125.0,44049.0
2002,NC,101615.0,10174.0,107182.0
2002,ND,12637.0,1261.0,10991.0
2002,NE,62937.0,2915.0,36751.0
2002,NH,21182.0,2489.0,21184.0
2002,NJ,28506.0,8944.0,28604.0
2002,NM,6901.0,2361.0,6398.0
2002,NV,16458.0,2984.0,19522.0
2002,NY,194025.0,56530.0,194476.0
2002,OH,34852.0,16170.0,51832.0
2002,OK,27475.0,2958.0,27533.0
2002,OR,165419.0,15204.0,168348.0
2002,PA,81262.0,13418.0,81861.0
2002,RI,3673.0,1985.0,3710.0
2002,SC,71243.0,5056.0,71249.0
2002,SD,25723.0,1356.0,22801.0
2002,TN,99282.0,6821.0,94474.0
2002,TX,95466.0,12875.0,98087.0
2002,UT,6313.0,2081.0,6663.0
2002,VA,71200.0,8406.0,76266.0
2002,VT,15104.0,1351.0,15106.0
2002,WA,356598.0,24401.0,362363.0
2002,WI,84229.0,7839.0,93609.0
2002,WV,7871.0,2341.0,8958.0
2002,WY,5659.0,582.0,5308.0
2003,AK,8751.0,2735.0,8984.0
2003,AL,198409.0,5783.0,199713.0
2003,AR,90085.0,3014.0,90113.0
2003,AZ,35573.0,8833.0,36695.0
2003,CA,357449.0,53320.0,406651.0
2003,CO,12412.0,5353.0,19324.0
2003,CT,27437.0,6897.0,29180.0
2003,DC,924.0,785.0,924.0
2003,DE,1398.0,1145.0,1399.0
2003,FL,186891.0,32420.0,186724.0
2003,GA,193872.0,10026.0,193882.0
2003,HI,11487.0,1248.0,11495.0
2003,IA,123226.0,5208.0,81767.0
2003,ID,53472.0,1518.0,52787.0
2003,IL,158374.0,17608.0,126015.0
2003,IN,52446.0,9946.0,54645.0
2003,KS,23958.0,4719.0,19377.0
2003,KY,39112.0,5685.0,44005.0
2003,LA,142621.0,4102.0,146645.0
2003,MA,43105.0,12443.0,43186.0
2003,MD,36365.0,6422.0,36390.0
2003,ME,111046.0,3167.0,111050.0
2003,MI,93991.0,16002.0,103314.0
2003,MN,101719.0,9087.0,95537.0
2003,MO,27223.0,10218.0,30297.0
2003,MS,45346.0,3388.0,45369.0
2003,MT,41954.0,1182.0,42039.0
2003,NC,133211.0,10750.0,140514.0
2003,ND,14191.0,1361.0,12237.0
2003,NE,67120.0,3087.0,38720.0
2003,NH,20912.0,2618.0,20914.0
2003,NJ,26325.0,9629.0,26423.0
2003,NM,7182.0,2428.0,6370.0
2003,NV,14619.0,3122.0,18199.0
2003,NY,194140.0,59504.0,196144.0
2003,OH,44537.0,17187.0,60214.0
2003,OK,29515.0,3104.0,29563.0
2003,OR,158285.0,15976.0,160519.0
2003,PA,86730.0,14156.0,87398.0
2003,RI,3745.0,2087.0,3785.0
2003,SC,79189.0,5360.0,79195.0
2003,SD,38636.0,1445.0,28218.0
2003,TN,109392.0,7186.0,103629.0
2003,TX,92177.0,13617.0,94315.0
2003,UT,6090.0,2188.0,6359.0
2003,VA,92267.0,8902.0,98976.0
2003,VT,16232.0,1425.0,16233.0
2003,WA,343440.0,25643.0,348997.0
2003,WI,102428.0,8274.0,105269.0
2003,WV,9566.0,2461.0,10995.0
2003,WY,5619.0,612.0,5193.0
2004,AK,8523.0,2801.0,8983.0
2004,AL,220522.0,5913.0,223105.0
2004,AR,88854.0,2967.0,88909.0
2004,AZ,35286.0,8856.0,36383.0
2004,CA,352132.0,54022.0,423563.0
2004,CO,13114.0,5472.0,19744.0
2004,CT,27130.0,7111.0,39906.0
2004,DC,941.0,805.0,941.0
2004,DE,1431.0,1179.0,1432.0
2004,FL,178001.0,32024.0,177742.0
2004,GA,202506.0,10274.0,202376.0
2004,HI,11680.0,1259.0,11698.0
2004,IA,161154.0,5346.0,98090.0
2004,ID,56498.0,1552.0,56199.0
2004,IL,152828.0,18204.0,125050.0
2004,IN,51952.0,10297.0,55154.0
2004,KS,25890.0,4836.0,17119.0
2004,KY,44177.0,5891.0,46223.0
2004,LA,178384.0,4227.0,182515.0
2004,MA,44460.0,12773.0,45170.0
2004,MD,36864.0,6618.0,36899.0
2004,ME,114116.0,3251.0,114122.0
2004,MI,98585.0,16509.0,107972.0
2004,MN,115285.0,9299.0,104620.0
2004,MO,31068.0,10464.0,34348.0
2004,MS,61251.0,3473.0,61297.0
2004,MT,43020.0,1208.0,43153.0
2004,NC,103900.0,11039.0,111731.0
2004,ND,14297.0,1405.0,12511.0
2004,NE,85344.0,3169.0,45858.0
2004,NH,26233.0,2693.0,26237.0
2004,NJ,26835.0,10021.0,27208.0
2004,NM,8017.0,2433.0,7406.0
2004,NV,15071.0,3188.0,18752.0
2004,NY,199633.0,61068.0,224189.0
2004,OH,46444.0,17683.0,61983.0
2004,OK,38618.0,3172.0,38712.0
2004,OR,162061.0,16344.0,164444.0
2004,PA,87507.0,14564.0,95159.0
2004,RI,3807.0,2136.0,4497.0
2004,SC,81271.0,5505.0,81282.0
2004,SD,58958.0,1487.0,35452.0
2004,TN,116421.0,7363.0,111144.0
2004,TX,91491.0,13958.0,94176.0
2004,UT,6322.0,2238.0,6457.0
2004,VA,100504.0,9155.0,107508.0
2004,VT,14122.0,1463.0,14124.0
2004,WA,340085.0,26246.0,342000.0
2004,WI,94977.0,8474.0,94937.0
2004,WV,9458.0,2533.0,10995.0
2004,WY,6445.0,627.0,6050.0
2005,AK,6220.0,969.0,6284.0
2005,AL,212778.0,4682.0,213161.0
2005,AR,92357.0,6023.0,92433.0
2005,AZ,36004.0,10780.0,49956.0
2005,CA,361238.0,40437.0,439339.0
2005,CO,18530.0,7155.0,21105.0
2005,CT,22571.0,3032.0,26015.0
2005,DC,44.0,37.0,260.0
2005,DE,949.0,769.0,1880.0
2005,FL,182550.0,28386.0,185920.0
2005,GA,189871.0,6862.0,191863.0
2005,HI,10784.0,1456.0,12034.0
2005,IA,197979.0,4526.0,107696.0
2005,ID,64817.0,8186.0,66000.0
2005,IL,136545.0,7812.0,107993.0
2005,IN,55702.0,14390.0,60939.0
2005,KS,28222.0,4049.0,20107.0
2005,KY,47933.0,10964.0,55219.0
2005,LA,145968.0,1938.0,146512.0
2005,MA,33905.0,3765.0,40064.0
2005,MD,32418.0,4875.0,37338.0
2005,ME,132727.0,6145.0,133131.0
2005,MI,107180.0,27441.0,121265.0
2005,MN,126930.0,11241.0,108272.0
2005,MO,44917.0,18660.0,47000.0
2005,MS,62678.0,4859.0,62951.0
2005,MT,50835.0,6097.0,51744.0
2005,NC,109727.0,15905.0,111931.0
2005,ND,13110.0,582.0,12557.0
2005,NE,88457.0,2419.0,45336.0
2005,NH,29439.0,3372.0,30635.0
2005,NJ,19511.0,2919.0,28894.0
2005,NM,17746.0,9185.0,17270.0
2005,NV,14926.0,2842.0,18638.0
2005,NY,194959.0,51246.0,203675.0
2005,OH,51006.0,22163.0,70260.0
2005,OK,38418.0,3204.0,42340.0
2005,OR,155361.0,10908.0,159529.0
2005,PA,87643.0,16400.0,93044.0
2005,RI,831.0,634.0,1875.0
2005,SC,84851.0,4122.0,86112.0
2005,SD,72430.0,1295.0,40210.0
2005,TN,105727.0,11601.0,112751.0
2005,TX,101596.0,19443.0,103498.0
2005,UT,7221.0,1985.0,9387.0
2005,VA,117407.0,15809.0,122685.0
2005,VT,16270.0,3965.0,16444.0
2005,WA,329691.0,11503.0,337323.0
2005,WI,132803.0,25382.0,133050.0
2005,WV,17782.0,9352.0,18193.0
2005,WY,9056.0,1952.0,9242.0
2006,AK,5330.0,866.0,5514.0
2006,AL,218965.0,4179.0,219744.0
2006,AR,90859.0,5445.0,90543.0
2006,AZ,36455.0,9915.0,51429.0
2006,CA,388725.0,38204.0,464146.0
2006,CO,28149.0,6413.0,24920.0
2006,CT,22154.0,2850.0,32143.0
2006,DC,42.0,33.0,611.0
2006,DE,858.0,730.0,3607.0
2006,FL,185522.0,28727.0,190759.0
2006,GA,191015.0,6150.0,194102.0
2006,HI,11289.0,1494.0,12819.0
2006,IA,250183.0,4073.0,121841.0
2006,ID,72248.0,7274.0,73414.0
2006,IL,133718.0,7368.0,106647.0
2006,IN,45783.0,13213.0,52408.0
2006,KS,33180.0,3615.0,21906.0
2006,KY,45528.0,9940.0,53194.0
2006,LA,145180.0,1834.0,146066.0
2006,MA,35681.0,3380.0,52343.0
2006,MD,31898.0,4399.0,45719.0
2006,ME,124501.0,5476.0,125129.0
2006,MI,107203.0,24912.0,120109.0
2006,MN,147834.0,10109.0,112712.0
2006,MO,43917.0,16591.0,42248.0
2006,MS,63223.0,4314.0,63631.0
2006,MT,53477.0,5417.0,54572.0
2006,NC,111786.0,14270.0,114873.0
2006,ND,13784.0,577.0,13501.0
2006,NE,95559.0,2187.0,47746.0
2006,NH,23154.0,3004.0,26072.0
2006,NJ,21420.0,2929.0,47140.0
2006,NM,19925.0,8163.0,18925.0
2006,NV,16195.0,2719.0,19830.0
2006,NY,196343.0,45723.0,219256.0
2006,OH,51581.0,19972.0,73079.0
2006,OK,35125.0,2846.0,39644.0
2006,OR,180642.0,9916.0,185689.0
2006,PA,86766.0,14802.0,98779.0
2006,RI,2570.0,572.0,5370.0
2006,SC,88493.0,3729.0,88781.0
2006,SD,91761.0,1184.0,48442.0
2006,TN,92730.0,10313.0,100949.0
2006,TX,106518.0,17466.0,145778.0
2006,UT,7101.0,1768.0,8964.0
2006,VA,110890.0,14204.0,124550.0
2006,VT,17639.0,3530.0,17898.0
2006,WA,387878.0,10220.0,396795.0
2006,WI,133038.0,22603.0,129267.0
2006,WV,16906.0,8303.0,17522.0
2006,WY,8923.0,1732.0,9146.0
2007,AK,5674.0,954.0,5923.0
2007,AL,201934.0,4618.0,202722.0
2007,AR,100787.0,6007.0,100818.0
2007,AZ,40436.0,10800.0,54867.0
2007,CA,328196.0,41341.0,403525.0
2007,CO,34532.0,7098.0,31003.0
2007,CT,21650.0,3172.0,33792.0
2007,DC,46.0,36.0,733.0
2007,DE,1511.0,842.0,4954.0
2007,FL,190783.0,29890.0,198908.0
2007,GA,186860.0,6791.0,191376.0
2007,HI,11350.0,1608.0,13317.0
2007,IA,318499.0,4526.0,152781.0
2007,ID,66117.0,8038.0,67907.0
2007,IL,163268.0,8290.0,125593.0
2007,IN,69522.0,14794.0,64690.0
2007,KS,42163.0,4004.0,28654.0
2007,KY,45452.0,11077.0,55020.0
2007,LA,145147.0,2077.0,146627.0
2007,MA,33035.0,3749.0,54415.0
2007,MD,30176.0,4890.0,47438.0
2007,ME,130786.0,6049.0,131678.0
2007,MI,124816.0,27785.0,132445.0
2007,MN,163737.0,11208.0,131914.0
2007,MO,57634.0,18355.0,54381.0
2007,MS,66060.0,4770.0,64570.0
2007,MT,53921.0,5987.0,55764.0
2007,NC,93807.0,15816.0,98099.0
2007,ND,31526.0,664.0,19887.0
2007,NE,126304.0,2434.0,60567.0
2007,NH,26615.0,3323.0,30245.0
2007,NJ,20010.0,3219.0,52226.0
2007,NM,22012.0,8995.0,21251.0
2007,NV,16231.0,2990.0,20651.0
2007,NY,194800.0,50565.0,223449.0
2007,OH,59329.0,22192.0,81539.0
2007,OK,42494.0,3147.0,50786.0
2007,OR,171426.0,11022.0,176655.0
2007,PA,88952.0,16432.0,104390.0
2007,RI,2731.0,634.0,6349.0
2007,SC,88885.0,4157.0,87814.0
2007,SD,95833.0,1323.0,49723.0
2007,TN,84137.0,11409.0,94661.0
2007,TX,128425.0,19337.0,181517.0
2007,UT,6481.0,1954.0,9680.0
2007,VA,109715.0,15771.0,127713.0
2007,VT,14394.0,3906.0,14767.0
2007,WA,358884.0,11279.0,368526.0
2007,WI,139500.0,25016.0,131522.0
2007,WV,16821.0,9177.0,17670.0
2007,WY,8715.0,1914.0,9356.0
2008,AK,5363.0,1070.0,5577.0
2008,AL,194472.0,5165.0,198327.0
2008,AR,94860.0,6746.0,96285.0
2008,AZ,49583.0,11984.0,64824.0
2008,CA,321700.0,45016.0,397932.0
2008,CO,45794.0,7988.0,43086.0
2008,CT,22675.0,3522.0,32779.0
2008,DC,52.0,41.0,552.0
2008,DE,2933.0,966.0,5770.0
2008,FL,193877.0,31468.0,241209.0
2008,GA,160697.0,7596.0,184537.0
2008,HI,12201.0,1818.0,15622.0
2008,IA,381752.0,5084.0,181596.0
2008,ID,71339.0,9025.0,70656.0
2008,IL,183743.0,9352.0,144679.0
2008,IN,127415.0,16707.0,94961.0
2008,KS,73864.0,4484.0,46821.0
2008,KY,48672.0,12477.0,59129.0
2008,LA,102917.0,2357.0,107866.0
2008,MA,35197.0,4204.0,53025.0
2008,MD,32102.0,5493.0,47433.0
2008,ME,153013.0,6798.0,157201.0
2008,MI,136611.0,31229.0,148718.0
2008,MN,186228.0,12610.0,146841.0
2008,MO,75450.0,20552.0,69737.0
2008,MS,50044.0,5339.0,50436.0
2008,MT,54880.0,6691.0,57181.0
2008,NC,123468.0,17756.0,147617.0
2008,ND,39739.0,766.0,24528.0
2008,NE,173420.0,2736.0,81198.0
2008,NH,29295.0,3722.0,33042.0
2008,NJ,22398.0,3493.0,49654.0
2008,NM,22764.0,10058.0,24091.0
2008,NV,16536.0,3310.0,23153.0
2008,NY,219108.0,56596.0,248382.0
2008,OH,108120.0,24946.0,113691.0
2008,OK,35640.0,3522.0,48202.0
2008,OR,180012.0,12299.0,184457.0
2008,PA,96738.0,18437.0,126094.0
2008,RI,2913.0,714.0,6254.0
2008,SC,89306.0,4682.0,99635.0
2008,SD,124231.0,1624.0,61804.0
2008,TN,98738.0,12774.0,113354.0
2008,TX,195709.0,21661.0,239809.0
2008,UT,7855.0,2181.0,11695.0
2008,VA,111389.0,17690.0,134348.0
2008,VT,17337.0,4389.0,19132.0
2008,WA,358529.0,12620.0,374417.0
2008,WI,164923.0,28033.0,146450.0
2008,WV,18843.0,10271.0,23022.0
2008,WY,10120.0,2188.0,10894.0
2009,AK,7238.0,2226.0,7464.0
2009,AL,184955.0,6812.0,194818.0
2009,AR,99078.0,10319.0,104270.0
2009,AZ,39494.0,5829.0,54870.0
2009,CA,340985.0,54136.0,419880.0
2009,CO,47462.0,9893.0,45676.0
2009,CT,26126.0,6748.0,38278.0
2009,DC,35.0,26.0,607.0
2009,DE,3543.0,1704.0,6605.0
2009,FL,212166.0,44459.0,271457.0
2009,GA,174672.0,12704.0,199864.0
2009,HI,12213.0,2057.0,16109.0
2009,IA,494557.0,5963.0,236137.0
2009,ID,65792.0,3993.0,67562.0
2009,IL,232230.0,16814.0,167385.0
2009,IN,145408.0,15517.0,106577.0
2009,KS,72817.0,4674.0,48410.0
2009,KY,51775.0,15666.0,63979.0
2009,LA,99294.0,3248.0,111387.0
2009,MA,41546.0,10522.0,61283.0
2009,MD,36398.0,10567.0,54631.0
2009,ME,119573.0,14478.0,124882.0
2009,MI,121038.0,22774.0,139130.0
2009,MN,225619.0,15117.0,166627.0
2009,MO,86576.0,26451.0,77365.0
2009,MS,55625.0,5551.0,56832.0
2009,MT,48228.0,3275.0,50885.0
2009,NC,115960.0,17882.0,147000.0
2009,ND,56759.0,920.0,35867.0
2009,NE,173659.0,2881.0,81781.0
2009,NH,34299.0,8344.0,38836.0
2009,NJ,32290.0,12993.0,64830.0
2009,NM,19439.0,7105.0,21700.0
2009,NV,19475.0,3035.0,26987.0
2009,NY,180061.0,20796.0,219834.0
2009,OH,93640.0,23683.0,111222.0
2009,OK,41925.0,5548.0,52897.0
2009,OR,183792.0,17438.0,191183.0
2009,PA,105012.0,25894.0,141945.0
2009,RI,3517.0,1455.0,7370.0
2009,SC,88228.0,4501.0,107059.0
2009,SD,148574.0,2091.0,75313.0
2009,TN,114074.0,7871.0,127275.0
2009,TX,171070.0,14094.0,219216.0
2009,UT,7859.0,1132.0,12273.0
2009,VA,105849.0,17316.0,135491.0
2009,VT,22055.0,8652.0,24676.0
2009,WA,347175.0,17748.0,368148.0
2009,WI,156274.0,21102.0,138138.0
2009,WV,29960.0,17980.0,35741.0
2009,WY,13740.0,1196.0,14767.0
2010,AK,7793.0,2383.0,7977.0
2010,AL,187020.0,7308.0,210917.0
2010,AR,103007.0,11103.0,115397.0
2010,AZ,40851.0,6293.0,56944.0
2010,CA,370497.0,57789.0,492956.0
2010,CO,50632.0,10661.0,49451.0
2010,CT,27675.0,7210.0,40862.0
2010,DC,62.0,39.0,1070.0
2010,DE,3762.0,1855.0,7679.0
2010,FL,228463.0,46975.0,287958.0
2010,GA,199387.0,13627.0,226153.0
2010,HI,11494.0,2167.0,14451.0
2010,IA,554423.0,6416.0,270862.0
2010,ID,72555.0,4280.0,70914.0
2010,IL,269161.0,18077.0,187252.0
2010,IN,184107.0,16814.0,126797.0
2010,KS,81821.0,5020.0,53570.0
2010,KY,54435.0,16885.0,68142.0
2010,LA,106239.0,3532.0,127408.0
2010,MA,43902.0,11283.0,68551.0
2010,MD,38022.0,11362.0,61233.0
2010,ME,131655.0,15526.0,136581.0
2010,MI,138194.0,24609.0,149986.0
2010,MN,255313.0,16258.0,189230.0
2010,MO,86793.0,28385.0,85120.0
2010,MS,63661.0,5954.0,74760.0
2010,MT,49138.0,3507.0,51577.0
2010,NC,128088.0,19215.0,159532.0
2010,ND,70208.0,1010.0,45071.0
2010,NE,269408.0,3104.0,122683.0
2010,NH,35279.0,8952.0,41340.0
2010,NJ,34835.0,13958.0,71776.0
2010,NM,20544.0,7622.0,26796.0
2010,NV,20517.0,3206.0,28045.0
2010,NY,187869.0,22294.0,227403.0
2010,OH,122602.0,25512.0,126291.0
2010,OK,54040.0,5950.0,66382.0
2010,OR,179846.0,18645.0,187672.0
2010,PA,132136.0,27896.0,163922.0
2010,RI,3662.0,1561.0,7118.0
2010,SC,100289.0,4857.0,119331.0
2010,SD,167998.0,2245.0,87016.0
2010,TN,114582.0,8450.0,125043.0
2010,TX,215167.0,15188.0,283429.0
2010,UT,8649.0,1218.0,13743.0
2010,VA,101276.0,18595.0,134229.0
2010,VT,23770.0,9279.0,26167.0
2010,WA,358833.0,19039.0,376536.0
2010,WI,183902.0,22654.0,165909.0
2010,WV,31345.0,19283.0,37585.0
2010,WY,17672.0,1281.0,18860.0
2011,AK,7523.0,2361.0,8147.0
2011,AL,199843.0,7092.0,223966.0
2011,AR,106324.0,10772.0,116471.0
2011,AZ,49678.0,6484.0,66796.0
2011,CA,422243.0,57752.0,541230.0
2011,CO,58618.0,10408.0,60203.0
2011,CT,26961.0,7054.0,39579.0
2011,DC,155.0,99.0,1174.0
2011,DE,3909.0,1807.0,7600.0
2011,FL,225550.0,46990.0,286493.0
2011,GA,201314.0,13237.0,229634.0
2011,HI,11781.0,2293.0,15591.0
2011,IA,595539.0,6440.0,280133.0
2011,ID,85405.0,4174.0,84613.0
2011,IL,273328.0,17601.0,193736.0
2011,IN,199631.0,16317.0,132741.0
2011,KS,85012.0,5302.0,57930.0
2011,KY,59783.0,16380.0,71725.0
2011,LA,113019.0,3447.0,128492.0
2011,MA,44953.0,10981.0,69123.0
2011,MD,39735.0,11039.0,62268.0
2011,ME,132020.0,15067.0,137230.0
2011,MI,150591.0,23900.0,165125.0
2011,MN,262962.0,15780.0,194486.0
2011,MO,88207.0,27533.0,81460.0
2011,MS,66400.0,6207.0,75573.0
2011,MT,52967.0,3505.0,56099.0
2011,NC,132128.0,18651.0,163785.0
2011,ND,83064.0,980.0,53464.0
2011,NE,281007.0,3552.0,127726.0
2011,NH,35579.0,8688.0,41474.0
2011,NJ,34455.0,13791.0,70167.0
2011,NM,20529.0,7536.0,27820.0
2011,NV,20779.0,3150.0,28572.0
2011,NY,204683.0,22160.0,243937.0
2011,OH,135329.0,24762.0,134243.0
2011,OK,56106.0,5773.0,69912.0
2011,OR,220185.0,18218.0,229596.0
2011,PA,146121.0,27191.0,182675.0
2011,RI,3568.0,1624.0,6795.0
2011,SC,107698.0,4713.0,126072.0
2011,SD,175625.0,2705.0,95870.0
2011,TN,118234.0,8197.0,130586.0
2011,TX,248954.0,14797.0,328303.0
2011,UT,10899.0,1344.0,17797.0
2011,VA,97264.0,18067.0,128379.0
2011,VT,21305.0,9013.0,23772.0
2011,WA,445171.0,19236.0,461703.0
2011,WI,187201.0,21991.0,165350.0
2011,WV,31102.0,18707.0,37425.0
2011,WY,23567.0,1231.0,25020.0
2012,AK,7954.0,1970.0,7989.0
2012,AL,196813.0,5961.0,220573.0
2012,AR,100792.0,9193.0,111934.0
2012,AZ,43953.0,6436.0,60623.0
2012,CA,377749.0,52834.0,495642.0
2012,CO,57694.0,8930.0,60524.0
2012,CT,24732.0,6085.0,36818.0
2012,DC,126.0,61.0,935.0
2012,DE,3184.0,1625.0,6743.0
2012,FL,220549.0,45754.0,284898.0
2012,GA,192835.0,11188.0,224059.0
2012,HI,11967.0,2559.0,15301.0
2012,IA,586826.0,5384.0,280227.0
2012,ID,77725.0,3514.0,77809.0
2012,IL,276973.0,15380.0,194273.0
2012,IN,175193.0,14506.0,122421.0
2012,KS,81664.0,4255.0,58263.0
2012,KY,53967.0,14110.0,65895.0
2012,LA,111635.0,3159.0,126485.0
2012,MA,42365.0,9301.0,65704.0
2012,MD,35927.0,9398.0,58471.0
2012,ME,129106.0,12644.0,134375.0
2012,MI,147926.0,21020.0,165146.0
2012,MN,252838.0,13468.0,193188.0
2012,MO,79725.0,23116.0,72612.0
2012,MS,79599.0,4980.0,88537.0
2012,MT,47751.0,2918.0,51194.0
2012,NC,129293.0,15846.0,162733.0
2012,ND,80223.0,938.0,52191.0
2012,NE,257929.0,2771.0,117463.0
2012,NH,35691.0,7284.0,41332.0
2012,NJ,35246.0,12160.0,69207.0
2012,NM,20199.0,6323.0,27872.0
2012,NV,23286.0,2926.0,30416.0
2012,NY,190141.0,18668.0,229778.0
2012,OH,131203.0,21321.0,134404.0
2012,OK,62854.0,4836.0,78764.0
2012,OR,218619.0,15566.0,227925.0
2012,PA,140410.0,23229.0,175668.0
2012,RI,2848.0,1316.0,5900.0
2012,SC,111031.0,4089.0,130282.0
2012,SD,166503.0,2107.0,89886.0
2012,TN,115354.0,6902.0,130018.0
2012,TX,260258.0,12886.0,332011.0
2012,UT,10017.0,1073.0,17032.0
2012,VA,95913.0,15377.0,127920.0
2012,VT,18502.0,7578.0,21033.0
2012,WA,433359.0,15760.0,450509.0
2012,WI,180607.0,18559.0,159237.0
2012,WV,28273.0,15653.0,34793.0
2012,WY,21644.0,1055.0,23353.0
2013,AK,8940.0,2539.0,9242.0
2013,AL,234604.0,7730.0,257785.0
2013,AR,105035.0,11734.0,116070.0
2013,AZ,41822.0,7712.0,62524.0
2013,CA,399975.0,65030.0,554027.0
2013,CO,64606.0,11527.0,68186.0
2013,CT,27138.0,7705.0,40035.0
2013,DC,145.0,72.0,1015.0
2013,DE,3151.0,1980.0,6967.0
2013,FL,230795.0,50290.0,298471.0
2013,GA,225463.0,14422.0,260596.0
2013,HI,14827.0,3116.0,18041.0
2013,IA,605138.0,6856.0,289684.0
2013,ID,72903.0,4540.0,73263.0
2013,IL,295603.0,19120.0,208627.0
2013,IN,189778.0,17725.0,133966.0
2013,KS,96294.0,5455.0,75066.0
2013,KY,60523.0,17830.0,76322.0
2013,LA,133651.0,3908.0,144822.0
2013,MA,46887.0,12111.0,72357.0
2013,MD,39613.0,12103.0,64565.0
2013,ME,133397.0,16454.0,140024.0
2013,MI,162684.0,25979.0,182869.0
2013,MN,251990.0,17191.0,191780.0
2013,MO,95636.0,30099.0,83292.0
2013,MS,64692.0,6443.0,76894.0
2013,MT,44604.0,3770.0,48249.0
2013,NC,147553.0,20320.0,183546.0
2013,ND,80205.0,1060.0,53056.0
2013,NE,260223.0,3459.0,120479.0
2013,NH,41707.0,9483.0,47861.0
2013,NJ,39754.0,15279.0,76177.0
2013,NM,22757.0,8222.0,29494.0
2013,NV,27202.0,3448.0,34753.0
2013,NY,204370.0,23898.0,241635.0
2013,OH,144431.0,26967.0,149023.0
2013,OK,83210.0,6298.0,96281.0
2013,OR,213316.0,19834.0,221913.0
2013,PA,162543.0,29671.0,197364.0
2013,RI,2580.0,1688.0,5983.0
2013,SC,114914.0,5129.0,137204.0
2013,SD,167188.0,2550.0,87595.0
2013,TN,133045.0,8934.0,149383.0
2013,TX,276079.0,16221.0,359700.0
2013,UT,8676.0,1365.0,16506.0
2013,VA,110612.0,19679.0,144738.0
2013,VT,23746.0,9863.0,26577.0
2013,WA,405957.0,20433.0,420843.0
2013,WI,184552.0,23964.0,167004.0
2013,WV,34686.0,20403.0,41896.0
2013,WY,21583.0,1355.0,23277.0
2014,AK,9480.0,2568.0,12452.0
2014,AL,213006.0,7823.0,236151.0
2014,AR,103703.0,11867.0,115500.0
2014,AZ,54242.0,8384.0,73811.0
2014,CA,407848.0,69155.0,560848.0
2014,CO,67511.0,11841.0,71763.0
2014,CT,29188.0,7894.0,41985.0
2014,DC,158.0,79.0,1127.0
2014,DE,3456.0,2012.0,7295.0
2014,FL,227832.0,51232.0,294522.0
2014,GA,247171.0,14601.0,277119.0
2014,HI,15174.0,3434.0,18747.0
2014,IA,622027.0,6952.0,301879.0
2014,ID,83526.0,4594.0,83287.0
2014,IL,306069.0,19347.0,215357.0
2014,IN,202728.0,17897.0,138689.0
2014,KS,113440.0,5518.0,85579.0
2014,KY,62461.0,18024.0,77402.0
2014,LA,162543.0,4083.0,166094.0
2014,MA,49666.0,12493.0,74701.0
2014,MD,39201.0,12400.0,63530.0
2014,ME,128587.0,16654.0,135275.0
2014,MI,169113.0,26253.0,187932.0
2014,MN,277897.0,17396.0,211431.0
2014,MO,101235.0,30535.0,87044.0
2014,MS,64555.0,6519.0,78041.0
2014,MT,52018.0,3814.0,55616.0
2014,NC,140087.0,20574.0,175197.0
2014,ND,85175.0,1067.0,57967.0
2014,NE,283984.0,3496.0,132152.0
2014,NH,44518.0,9606.0,50712.0
2014,NJ,42333.0,15748.0,79251.0
2014,NM,23315.0,8358.0,29756.0
2014,NV,27666.0,3552.0,36352.0
2014,NY,212086.0,24485.0,251855.0
2014,OH,156342.0,27270.0,152610.0
2014,OK,81514.0,6374.0,96417.0
2014,OR,222513.0,20116.0,232220.0
2014,PA,157635.0,30036.0,192757.0
2014,RI,4208.0,1708.0,7689.0
2014,SC,121280.0,5188.0,142830.0
2014,SD,173960.0,2572.0,92365.0
2014,TN,123812.0,9039.0,139694.0
2014,TX,296615.0,16496.0,385070.0
2014,UT,10930.0,1405.0,18376.0
2014,VA,129928.0,19923.0,161454.0
2014,VT,23421.0,10010.0,26147.0
2014,WA,411829.0,20716.0,428271.0
2014,WI,191505.0,24253.0,170579.0
2014,WV,33573.0,20649.0,40725.0
2014,WY,21967.0,1370.0,23842.0
2015,AK,13599.0,5996.0,13619.0
2015,AL,200689.0,2301.0,226149.0
2015,AR,96786.0,7329.0,108228.0
2015,AZ,59093.0,9609.0,79229.0
2015,CA,391307.0,52144.0,564459.0
2015,CO,69069.0,12981.0,76213.0
2015,CT,30165.0,8855.0,43698.0
2015,DC,632.0,56.0,1640.0
2015,DE,2729.0,1427.0,6957.0
2015,FL,220076.0,35108.0,290074.0
2015,GA,250572.0,4172.0,281970.0
2015,HI,15204.0,3299.0,19675.0
2015,IA,655375.0,5776.0,318443.0
2015,ID,87819.0,12125.0,88853.0
2015,IL,290705.0,9208.0,205971.0
2015,IN,212230.0,16489.0,143442.0
2015,KS,112288.0,4199.0,84838.0
2015,KY,55147.0,10555.0,69247.0
2015,LA,147818.0,2290.0,151480.0
2015,MA,48868.0,11588.0,75073.0
2015,MD,32750.0,6955.0,58334.0
2015,ME,133762.0,24743.0,140942.0
2015,MI,185784.0,42432.0,202084.0
2015,MN,282999.0,18917.0,215727.0
2015,MO,89187.0,18692.0,79173.0
2015,MS,60409.0,1584.0,74213.0
2015,MT,54987.0,11016.0,59441.0
2015,NC,133363.0,11452.0,170230.0
2015,ND,90946.0,1056.0,58988.0
2015,NE,288409.0,2923.0,135818.0
2015,NH,51195.0,14069.0,57464.0
2015,NJ,32843.0,6579.0,69235.0
2015,NM,21304.0,9258.0,31417.0
2015,NV,30886.0,3620.0,40767.0
2015,NY,227757.0,39677.0,267163.0
2015,OH,154186.0,24478.0,146779.0
2015,OK,88563.0,4028.0,104506.0
2015,OR,213447.0,22559.0,226237.0
2015,PA,163338.0,37280.0,198268.0
2015,RI,4646.0,1938.0,8229.0
2015,SC,113404.0,2553.0,136029.0
2015,SD,182086.0,2671.0,94662.0
2015,TN,124355.0,7911.0,139263.0
2015,TX,308833.0,5427.0,398889.0
2015,UT,12608.0,3376.0,22403.0
2015,VA,130604.0,15650.0,162074.0
2015,VT,29752.0,15168.0,32506.0
2015,WA,396565.0,23647.0,416372.0
2015,WI,200504.0,30184.0,177132.0
2015,WV,21627.0,9609.0,28681.0
2015,WY,22549.0,4253.0,25056.0
2016,AK,14509.0,6500.0,15615.0
2016,AL,189860.0,1932.0,218668.0
2016,AR,94512.0,6114.0,106939.0
2016,AZ,62336.0,9806.0,85895.0
2016,CA,462264.0,56441.0,645587.0
2016,CO,77879.0,12187.0,87203.0
2016,CT,30864.0,6868.0,44486.0
2016,DC,922.0,85.0,2008.0
2016,DE,2383.0,1281.0,6875.0
2016,FL,219892.0,35529.0,286497.0
2016,GA,256482.0,4030.0,272380.0
2016,HI,16893.0,3624.0,21675.0
2016,IA,679318.0,4962.0,330249.0
2016,ID,83218.0,11305.0,85045.0
2016,IL,311818.0,8585.0,213268.0
2016,IN,225053.0,16082.0,151409.0
2016,KS,123462.0,3670.0,96781.0
2016,KY,56552.0,9468.0,71453.0
2016,LA,175201.0,2177.0,168655.0
2016,MA,49363.0,10156.0,76800.0
2016,MD,32824.0,6465.0,58363.0
2016,ME,114572.0,17137.0,122754.0
2016,MI,179844.0,34913.0,197792.0
2016,MN,286182.0,16073.0,217860.0
2016,MO,90837.0,16363.0,79283.0
2016,MS,78099.0,1469.0,76933.0
2016,MT,56933.0,11311.0,61653.0
2016,NC,152881.0,9975.0,175777.0
2016,ND,103943.0,1176.0,67080.0
2016,NE,303787.0,2765.0,141423.0
2016,NH,46807.0,10394.0,53361.0
2016,NJ,33453.0,6640.0,72286.0
2016,NM,27558.0,9566.0,37525.0
2016,NV,36292.0,4059.0,47415.0
2016,NY,227550.0,33100.0,268705.0
2016,OH,155499.0,21799.0,148002.0
2016,OK,111740.0,3103.0,128552.0
2016,OR,223209.0,22901.0,238210.0
2016,PA,160530.0,30760.0,194704.0
2016,RI,4276.0,1541.0,7843.0
2016,SC,117849.0,2363.0,137132.0
2016,SD,187695.0,2283.0,99457.0
2016,TN,113585.0,7129.0,130252.0
2016,TX,360015.0,5095.0,471877.0
2016,UT,17504.0,3699.0,28557.0
2016,VA,130902.0,14200.0,158492.0
2016,VT,27085.0,12738.0,30155.0
2016,WA,427449.0,25906.0,445992.0
2016,WI,198950.0,26034.0,175018.0
2016,WV,21762.0,8635.0,30007.0
2016,WY,23329.0,3679.0,27276.0
2017,AK,13256.0,5546.0,14092.0
2017,AL,203874.0,1671.0,230454.0
2017,AR,99437.0,5297.0,104395.0
2017,AZ,66841.0,10654.0,90156.0
2017,CA,537840.0,60966.0,725380.0
2017,CO,79727.0,12326.0,88446.0
2017,CT,28295.0,7325.0,42169.0
2017,DC,1015.0,109.0,1955.0
2017,DE,2411.0,1283.0,7055.0
2017,FL,228619.0,36245.0,298574.0
2017,GA,248229.0,3168.0,266840.0
2017,HI,14974.0,4129.0,20024.0
2017,IA,706564.0,4880.0,342813.0
2017,ID,93049.0,12803.0,94677.0
2017,IL,306086.0,7970.0,214189.0
2017,IN,227326.0,14200.0,150723.0
2017,KS,140461.0,3319.0,111701.0
2017,KY,63260.0,9534.0,77044.0
2017,LA,163827.0,2113.0,155142.0
2017,MA,47728.0,10530.0,75135.0
2017,MD,34861.0,7127.0,60362.0
2017,ME,114543.0,17320.0,122041.0
2017,MI,185293.0,34765.0,197587.0
2017,MN,287802.0,15319.0,217891.0
2017,MO,96718.0,15151.0,82338.0
2017,MS,70474.0,995.0,71291.0
2017,MT,60108.0,11022.0,64810.0
2017,NC,159944.0,8981.0,184436.0
2017,ND,131210.0,1121.0,85132.0
2017,NE,317718.0,2360.0,148750.0
2017,NH,48776.0,11503.0,55717.0
2017,NJ,30393.0,6987.0,68640.0
2017,NM,31405.0,8509.0,42108.0
2017,NV,39960.0,4241.0,51426.0
2017,NY,240778.0,32781.0,283919.0
2017,OH,154851.0,20983.0,144058.0
2017,OK,125923.0,2664.0,142171.0
2017,OR,240020.0,24345.0,255735.0
2017,PA,163435.0,30478.0,199016.0
2017,RI,4689.0,1540.0,8290.0
2017,SC,120629.0,2301.0,140953.0
2017,SD,193359.0,2192.0,100650.0
2017,TN,114716.0,5741.0,131101.0
2017,TX,399805.0,4970.0,505042.0
2017,UT,23482.0,4057.0,34406.0
2017,VA,132320.0,12434.0,158360.0
2017,VT,27592.0,12854.0,30755.0
2017,WA,432589.0,26849.0,450523.0
2017,WI,198801.0,25459.0,173491.0
2017,WV,22221.0,8313.0,30542.0
2017,WY,24303.0,4272.0,27840.0
2018,AK,13790.0,6060.0,14639.0
2018,AL,214046.0,2230.0,235725.0
2018,AR,107784.0,7829.0,106516.0
2018,AZ,71075.0,12825.0,94629.0
2018,CA,507201.0,67666.0,691153.0
2018,CO,81739.0,13138.0,90772.0
2018,CT,30892.0,8230.0,42899.0
2018,DC,1197.0,121.0,2256.0
2018,DE,2449.0,1327.0,7096.0
2018,FL,229488.0,36787.0,297323.0
2018,GA,254393.0,4062.0,269707.0
2018,HI,14790.0,4162.0,19630.0
2018,IA,738301.0,5877.0,351318.0
2018,ID,97177.0,14347.0,98525.0
2018,IL,290347.0,9340.0,208272.0
2018,IN,236818.0,17287.0,155682.0
2018,KS,145643.0,4566.0,114992.0
2018,KY,64688.0,11270.0,78301.0
2018,LA,166802.0,2343.0,152924.0
2018,MA,50150.0,11123.0,75953.0
2018,MD,39507.0,8544.0,63861.0
2018,ME,116868.0,20893.0,123229.0
2018,MI,196023.0,41210.0,206029.0
2018,MN,293060.0,20293.0,223685.0
2018,MO,108694.0,20580.0,88023.0
2018,MS,74723.0,1676.0,72143.0
2018,MT,65560.0,14648.0,70187.0
2018,NC,172150.0,11717.0,193521.0
2018,ND,129993.0,1111.0,84143.0
2018,NE,320007.0,3348.0,150870.0
2018,NH,45495.0,12990.0,51985.0
2018,NJ,31667.0,8087.0,67409.0
2018,NM,40479.0,11813.0,50530.0
2018,NV,43757.0,5363.0,55402.0
2018,NY,241223.0,39439.0,287805.0
2018,OH,159994.0,24583.0,145834.0
2018,OK,140990.0,4274.0,156755.0
2018,OR,237466.0,26350.0,253230.0
2018,PA,173115.0,38090.0,204632.0
2018,RI,5030.0,1498.0,8414.0
2018,SC,125620.0,2973.0,143746.0
2018,SD,202209.0,3173.0,106424.0
2018,TN,125857.0,7491.0,138906.0
2018,TX,441871.0,6594.0,550781.0
2018,UT,23088.0,5359.0,34045.0
2018,VA,145073.0,15365.0,169002.0
2018,VT,31124.0,16182.0,33841.0
2018,WA,432887.0,28794.0,449574.0
2018,WI,208514.0,30736.0,179888.0
2018,WV,24779.0,9829.0,32956.0
2018,WY,25327.0,4301.0,26262.0
2019,AK,13035.0,5664.0,13900.0
2019,AL,213309.0,2174.0,233794.0
2019,AR,109532.0,7921.0,108242.0
2019,AZ,67849.0,14926.0,94320.0
2019,CA,560175.0,77692.0,789197.0
2019,CO,87367.0,15279.0,98381.0
2019,CT,30697.0,8889.0,42395.0
2019,DC,1435.0,173.0,2483.0
2019,DE,2600.0,1416.0,7535.0
2019,FL,221681.0,37582.0,289028.0
2019,GA,266585.0,3579.0,278994.0
2019,HI,14258.0,4344.0,18840.0
2019,IA,752128.0,6365.0,369223.0
2019,ID,94499.0,16092.0,96888.0
2019,IL,291260.0,9871.0,212538.0
2019,IN,219234.0,17127.0,149440.0
2019,KS,157699.0,4525.0,122831.0
2019,KY,65594.0,12297.0,77995.0
2019,LA,164357.0,2372.0,141712.0
2019,MA,49653.0,13106.0,75027.0
2019,MD,32654.0,8490.0,57000.0
2019,ME,115031.0,22505.0,121219.0
2019,MI,191196.0,42205.0,202134.0
2019,MN,292702.0,22478.0,225170.0
2019,MO,110378.0,20480.0,91521.0
2019,MS,64556.0,1785.0,68301.0
2019,MT,60957.0,14278.0,65678.0
2019,NC,174743.0,10630.0,196249.0
2019,ND,132333.0,1116.0,85438.0
2019,NE,324704.0,3637.0,156693.0
2019,NH,44889.0,13890.0,51278.0
2019,NJ,30656.0,8407.0,66311.0
2019,NM,45801.0,14017.0,56832.0
2019,NV,47550.0,5910.0,59315.0
2019,NY,246309.0,40718.0,292472.0
2019,OH,158794.0,24346.0,145043.0
2019,OK,151113.0,4445.0,166037.0
2019,OR,217800.0,29287.0,237262.0
2019,PA,161400.0,36421.0,194234.0
2019,RI,6356.0,2043.0,9395.0
2019,SC,126976.0,3083.0,143524.0
2019,SD,205851.0,2826.0,110508.0
2019,TN,122868.0,7837.0,133462.0
2019,TX,466665.0,7450.0,574791.0
2019,UT,22651.0,5624.0,34544.0
2019,VA,128387.0,13912.0,155662.0
2019,VT,30198.0,15241.0,32986.0
2019,WA,385361.0,32791.0,397305.0
2019,WI,206887.0,30226.0,177352.0
2019,WV,23582.0,9662.0,31310.0
2019,WY,36285.0,4358.0,27766.0
2020,AK,13148.0,5009.0,14013.0
2020,AL,214546.0,1459.0,234324.0
2020,AR,84223.0,5202.0,90845.0
2020,AZ,66319.0,13469.0,91997.0
2020,CA,510610.0,72157.0,736995.0
2020,CO,91301.0,10489.0,99477.0
2020,CT,29356.0,6507.0,38755.0
2020,DC,1443.0,239.0,2320.0
2020,DE,2449.0,1176.0,6601.0
2020,FL,215940.0,38953.0,273968.0
2020,GA,265602.0,2911.0,280803.0
2020,HI,15106.0,4581.0,18634.0
2020,IA,709062.0,4297.0,365607.0
2020,ID,79085.0,9978.0,85442.0
2020,IL,289750.0,7881.0,205918.0
2020,IN,206591.0,12974.0,142065.0
2020,KS,169674.0,3087.0,130848.0
2020,KY,61308.0,8118.0,71810.0
2020,LA,165447.0,2226.0,136714.0
2020,MA,46493.0,9285.0,67265.0
2020,MD,26046.0,6704.0,45798.0
2020,ME,98806.0,13783.0,104563.0
2020,MI,171519.0,28672.0,181774.0
2020,MN,270280.0,13833.0,204836.0
2020,MO,106053.0,13728.0,83687.0
2020,MS,61708.0,1087.0,66117.0
2020,MT,61080.0,9334.0,65547.0
2020,NC,187618.0,7922.0,199763.0
2020,ND,142724.0,941.0,90510.0
2020,NE,285098.0,2286.0,145728.0
2020,NH,33157.0,8687.0,38691.0
2020,NJ,30746.0,8068.0,59659.0
2020,NM,42880.0,8666.0,53016.0
2020,NV,48030.0,5483.0,58350.0
2020,NY,220498.0,27655.0,262830.0
2020,OH,140720.0,17363.0,131072.0
2020,OK,149559.0,2587.0,163061.0
2020,OR,222489.0,19170.0,242400.0
2020,PA,144569.0,25432.0,173403.0
2020,RI,7323.0,1374.0,9835.0
2020,SC,128471.0,2652.0,141796.0
2020,SD,200633.0,1956.0,109785.0
2020,TN,126214.0,4956.0,136258.0
2020,TX,503024.0,8111.0,593952.0
2020,UT,22694.0,4189.0,33858.0
2020,VA,125510.0,10299.0,148773.0
2020,VT,24997.0,10089.0,27366.0
2020,WA,411233.0,21002.0,418531.0
2020,WI,170038.0,20264.0,152214.0
2020,WV,20915.0,6395.0,27526.0
2020,WY,39039.0,3206.0,31258.0
2021,AK,12773.0,4901.0,13638.0
2021,AL,215294.0,1468.0,237594.0
2021,AR,86121.0,5010.0,87788.0
2021,AZ,72153.0,14771.0,100293.0
2021,CA,528926.0,79125.0,809480.0
2021,CO,99821.0,11396.0,107850.0
2021,CT,31660.0,7507.0,41615.0
2021,DC,1523.0,319.0,2463.0
2021,DE,2488.0,1165.0,6943.0
2021,FL,227837.0,41024.0,293545.0
2021,GA,267476.0,2966.0,283564.0
2021,HI,16665.0,4694.0,20352.0
2021,IA,748411.0,4450.0,388813.0
2021,ID,74283.0,10765.0,80779.0
2021,IL,304992.0,8314.0,221913.0
2021,IN,237409.0,13810.0,160847.0
2021,KS,175281.0,2607.0,135801.0
2021,KY,61894.0,7693.0,73791.0
2021,LA,175319.0,2257.0,136496.0
2021,MA,48807.0,9958.0,71756.0
2021,MD,27292.0,6298.0,49587.0
2021,ME,94212.0,13056.0,100381.0
2021,MI,177681.0,26540.0,189100.0
2021,MN,288035.0,12669.0,213105.0
2021,MO,113688.0,12713.0,93976.0
2021,MS,61133.0,1021.0,66311.0
2021,MT,57919.0,9868.0,62550.0
2021,NC,182433.0,8385.0,194604.0
2021,ND,163208.0,944.0,93479.0
2021,NE,316439.0,2315.0,158263.0
2021,NH,33153.0,8556.0,38801.0
2021,NJ,31232.0,8276.0,63114.0
2021,NM,55085.0,9472.0,65917.0
2021,NV,52692.0,6122.0,64218.0
2021,NY,218204.0,29379.0,268061.0
2021,OH,149818.0,18444.0,138807.0
2021,OK,159221.0,2935.0,173942.0
2021,OR,211626.0,19592.0,232754.0
2021,PA,147335.0,25904.0,176687.0
2021,RI,7012.0,1374.0,9682.0
2021,SC,125590.0,2686.0,141820.0
2021,SD,229971.0,1710.0,127298.0
2021,TN,124427.0,4851.0,135983.0
2021,TX,557242.0,10426.0,652838.0
2021,UT,24687.0,4069.0,35440.0
2021,VA,133739.0,10409.0,160119.0
2021,VT,25541.0,10149.0,28064.0
2021,WA,396579.0,20492.0,405037.0
2021,WI,172343.0,19586.0,150391.0
2021,WV,21229.0,7040.0,28620.0
2021,WY,49148.0,3075.0,39857.0
2022,AK,14235.0,6117.0,15100.0
2022,AL,212636.0,1808.0,232522.0
2022,AR,89967.0,6063.0,88219.0
2022,AZ,74234.0,18328.0,102430.0
2022,CA,543231.0,93435.0,881980.0
2022,CO,113441.0,15697.0,121106.0
2022,CT,28147.0,7825.0,38999.0
2022,DC,1701.0,391.0,2596.0
2022,DE,2829.0,1371.0,7202.0
2022,FL,234438.0,43402.0,300693.0
2022,GA,273701.0,3243.0,286775.0
2022,HI,16937.0,4880.0,20641.0
2022,IA,770984.0,5848.0,417911.0
2022,ID,84989.0,13545.0,86220.0
2022,IL,333692.0,10161.0,245149.0
2022,IN,251540.0,14247.0,170310.0
2022,KS,201334.0,3607.0,152546.0
2022,KY,68537.0,9476.0,80976.0
2022,LA,223605.0,2443.0,133469.0
2022,MA,52235.0,12667.0,75053.0
2022,MD,27437.0,8367.0,48003.0
2022,ME,96000.0,17503.0,101763.0
2022,MI,190123.0,31958.0,200309.0
2022,MN,307778.0,16939.0,230364.0
2022,MO,122845.0,16747.0,101807.0
2022,MS,61796.0,1324.0,65275.0
2022,MT,65653.0,12209.0,68479.0
2022,NC,181170.0,9501.0,192198.0
2022,ND,163116.0,1234.0,97751.0
2022,NE,327330.0,2265.0,168639.0
2022,NH,34320.0,10386.0,39952.0
2022,NJ,33259.0,9861.0,64998.0
2022,NM,78407.0,12136.0,82042.0
2022,NV,61432.0,7463.0,73314.0
2022,NY,220740.0,33130.0,270685.0
2022,OH,154296.0,21202.0,144632.0
2022,OK,182276.0,3746.0,188573.0
2022,OR,219920.0,21091.0,247484.0
2022,PA,155006.0,30875.0,184808.0
2022,RI,7615.0,1719.0,10914.0
2022,SC,128184.0,3248.0,143051.0
2022,SD,234233.0,2518.0,130007.0
2022,TN,100268.0,6168.0,113146.0
2022,TX,654921.0,13147.0,742759.0
2022,UT,26924.0,4958.0,36708.0
2022,VA,141225.0,12452.0,165465.0
2022,VT,28150.0,13179.0,30645.0
2022,WA,419010.0,24718.0,426074.0
2022,WI,181284.0,24346.0,159660.0
2022,WV,23431.0,8264.0,30496.0
2022,WY,60836.0,4537.0,45394.0
